name,age,position,school,draft_pick,season,games,pass_cmp,pass_att,cmp%,yds,TDs,TD%,Int,Int%,Rating,Rush Attempts,Rush Yards,Rush TDs,collegeURL,passCMP,passingYDS,passingTDS,passingINT,rushingYDS,rushingTDS
Sam Bradford,22,QB,Oklahoma,1.0,2007,14.0,237.0,341.0,341.0,3121.0,36.0,10.6,8.0,2.3,176.5,31.0,7.0,0.0,/cfb/schools/oklahoma/2007.html,,,,,,
Sam Bradford,22,QB,Oklahoma,1.0,2008,14.0,328.0,483.0,483.0,4720.0,50.0,10.4,8.0,1.7,180.8,42.0,47.0,5.0,/cfb/schools/oklahoma/2008.html,,,,,,
Sam Bradford,22,QB,Oklahoma,1.0,2009,3.0,39.0,69.0,69.0,562.0,2.0,2.9,0.0,0.0,134.5,4.0,-18.0,0.0,/cfb/schools/oklahoma/2009.html,,,,,,
Sam Bradford,22,QB,,,,16.0,,,,,,,,,,,,,,60.0,3512.0,18.0,15.0,63.0,1.0
Tim Tebow,23,QB,Florida,25.0,2006,14.0,22.0,33.0,33.0,358.0,5.0,15.2,1.0,3.0,201.7,89.0,469.0,8.0,/cfb/schools/florida/2006.html,,,,,,
Tim Tebow,23,QB,Florida,25.0,2007,13.0,234.0,350.0,350.0,3286.0,32.0,9.1,6.0,1.7,172.5,210.0,895.0,23.0,/cfb/schools/florida/2007.html,,,,,,
Tim Tebow,23,QB,Florida,25.0,2008,14.0,192.0,298.0,298.0,2746.0,30.0,10.1,4.0,1.3,172.4,176.0,673.0,12.0,/cfb/schools/florida/2008.html,,,,,,
Tim Tebow,23,QB,Florida,25.0,2009,14.0,213.0,314.0,314.0,2895.0,21.0,6.7,5.0,1.6,164.2,217.0,910.0,14.0,/cfb/schools/florida/2009.html,,,,,,
Tim Tebow,23,QB,,,,9.0,,,,,,,,,,,,,,50.0,654.0,5.0,3.0,227.0,6.0
Jimmy Clausen,22,QB,Notre Dame,48.0,2007,10.0,138.0,245.0,245.0,1254.0,7.0,2.9,6.0,2.4,103.9,62.0,-187.0,2.0,/cfb/schools/notre-dame/2007.html,,,,,,
Jimmy Clausen,22,QB,Notre Dame,48.0,2008,13.0,268.0,440.0,440.0,3172.0,25.0,5.7,17.0,3.9,132.5,54.0,-73.0,0.0,/cfb/schools/notre-dame/2008.html,,,,,,
Jimmy Clausen,22,QB,Notre Dame,48.0,2009,12.0,289.0,425.0,425.0,3722.0,28.0,6.6,4.0,0.9,161.4,59.0,-95.0,3.0,/cfb/schools/notre-dame/2009.html,,,,,,
Jimmy Clausen,22,QB,,,,13.0,,,,,,,,,,,,,,52.5,1558.0,3.0,9.0,57.0,0.0
Colt McCoy,24,QB,Texas,85.0,2006,13.0,217.0,318.0,318.0,2570.0,29.0,9.1,7.0,2.2,161.8,68.0,170.0,2.0,/cfb/schools/texas/2006.html,,,,,,
Colt McCoy,24,QB,Texas,85.0,2007,13.0,276.0,424.0,424.0,3303.0,22.0,5.2,18.0,4.2,139.2,114.0,492.0,4.0,/cfb/schools/texas/2007.html,,,,,,
Colt McCoy,24,QB,Texas,85.0,2008,13.0,332.0,433.0,433.0,3859.0,34.0,7.9,8.0,1.8,173.8,136.0,561.0,11.0,/cfb/schools/texas/2008.html,,,,,,
Colt McCoy,24,QB,Texas,85.0,2009,14.0,332.0,470.0,470.0,3521.0,27.0,5.7,12.0,2.6,147.4,129.0,348.0,3.0,/cfb/schools/texas/2009.html,,,,,,
Colt McCoy,24,QB,,,,8.0,,,,,,,,,,,,,,60.8,1576.0,6.0,9.0,136.0,1.0
Mike Kafka,23,QB,Northwestern,122.0,2006,5.0,55.0,96.0,96.0,494.0,1.0,1.0,5.0,5.2,93.5,48.0,263.0,2.0,/cfb/schools/northwestern/2006.html,,,,,,
Mike Kafka,23,QB,Northwestern,122.0,2007,4.0,2.0,3.0,3.0,11.0,0.0,0.0,0.0,0.0,97.5,2.0,8.0,0.0,/cfb/schools/northwestern/2007.html,,,,,,
Mike Kafka,23,QB,Northwestern,122.0,2008,8.0,32.0,46.0,46.0,330.0,2.0,4.3,3.0,6.5,131.1,68.0,321.0,1.0,/cfb/schools/northwestern/2008.html,,,,,,
Mike Kafka,23,QB,Northwestern,122.0,2009,13.0,319.0,492.0,492.0,3430.0,16.0,3.3,12.0,2.4,129.3,150.0,295.0,8.0,/cfb/schools/northwestern/2009.html,,,,,,
Mike Kafka,23,QB,,,,4.0,,,,,,,,,,,,,,68.8,107.0,0.0,2.0,0.0,0.0
John Skelton,22,QB,,,,5.0,,,,,,,,,,,,,,47.6,662.0,2.0,2.0,49.0,0.0
Jonathan Crompton,23,QB,Tennessee,168.0,2006,7.0,31.0,66.0,66.0,401.0,4.0,6.1,2.0,3.0,111.9,16.0,18.0,0.0,/cfb/schools/tennessee/2006.html,,,,,,
Jonathan Crompton,23,QB,Tennessee,168.0,2007,7.0,7.0,12.0,12.0,97.0,1.0,8.3,2.0,16.7,120.4,4.0,-9.0,0.0,/cfb/schools/tennessee/2007.html,,,,,,
Jonathan Crompton,23,QB,Tennessee,168.0,2008,8.0,86.0,167.0,167.0,889.0,4.0,2.4,5.0,3.0,98.1,37.0,27.0,2.0,/cfb/schools/tennessee/2008.html,,,,,,
Jonathan Crompton,23,QB,Tennessee,168.0,2009,13.0,224.0,384.0,384.0,2800.0,27.0,7.0,13.0,3.4,136.0,44.0,-52.0,1.0,/cfb/schools/tennessee/2009.html,,,,,,
Jonathan Crompton,23,QB,,,,,,,,,,,,,,,,,,,,,,,
Rusty Smith,23,QB,Florida Atlantic,176.0,2006,12.0,108.0,194.0,194.0,1285.0,6.0,3.1,8.0,4.1,113.3,25.0,-110.0,0.0,/cfb/schools/florida-atlantic/2006.html,,,,,,
Rusty Smith,23,QB,Florida Atlantic,176.0,2007,13.0,281.0,479.0,479.0,3688.0,32.0,6.7,9.0,1.9,141.6,39.0,-116.0,2.0,/cfb/schools/florida-atlantic/2007.html,,,,,,
Rusty Smith,23,QB,Florida Atlantic,176.0,2008,13.0,234.0,435.0,435.0,3224.0,24.0,5.5,14.0,3.2,127.8,37.0,-82.0,2.0,/cfb/schools/florida-atlantic/2008.html,,,,,,
Rusty Smith,23,QB,Florida Atlantic,176.0,2009,7.0,145.0,253.0,253.0,1915.0,14.0,5.5,5.0,2.0,135.2,14.0,-27.0,1.0,/cfb/schools/florida-atlantic/2009.html,,,,,,
Rusty Smith,23,QB,,,,,,,,,,,,,,,,,,,,,,,
Dan LeFevour,23,QB,Central Michigan,181.0,2006,14.0,247.0,388.0,388.0,3031.0,26.0,6.7,10.0,2.6,146.2,132.0,521.0,7.0,/cfb/schools/central-michigan/2006.html,,,,,,
Dan LeFevour,23,QB,Central Michigan,181.0,2007,14.0,355.0,543.0,543.0,3652.0,27.0,5.0,13.0,2.4,133.5,188.0,1122.0,19.0,/cfb/schools/central-michigan/2007.html,,,,,,
Dan LeFevour,23,QB,Central Michigan,181.0,2008,11.0,251.0,376.0,376.0,2784.0,21.0,5.6,6.0,1.6,144.2,168.0,592.0,6.0,/cfb/schools/central-michigan/2008.html,,,,,,
Dan LeFevour,23,QB,Central Michigan,181.0,2009,14.0,318.0,456.0,456.0,3438.0,28.0,6.1,7.0,1.5,150.3,183.0,713.0,15.0,/cfb/schools/central-michigan/2009.html,,,,,,
Dan LeFevour,23,QB,,,,,,,,,,,,,,,,,,,,,,,
Tony Pike,24,QB,Cincinnati,204.0,2007,5.0,11.0,20.0,20.0,91.0,1.0,5.0,3.0,15.0,79.7,7.0,75.0,0.0,/cfb/schools/cincinnati/2007.html,,,,,,
Tony Pike,24,QB,Cincinnati,204.0,2008,12.0,199.0,324.0,324.0,2407.0,19.0,5.9,11.0,3.4,136.4,56.0,47.0,1.0,/cfb/schools/cincinnati/2008.html,,,,,,
Tony Pike,24,QB,Cincinnati,204.0,2009,10.0,211.0,338.0,338.0,2520.0,29.0,8.6,6.0,1.8,149.8,31.0,6.0,2.0,/cfb/schools/cincinnati/2009.html,,,,,,
Tony Pike,24,QB,,,,,,,,,,,,,,,,,,,,,,,
Levi Brown,23,QB,Troy,209.0,2008,10.0,201.0,326.0,326.0,2030.0,15.0,4.6,3.0,0.9,127.3,33.0,17.0,0.0,/cfb/schools/troy/2008.html,,,,,,
Levi Brown,23,QB,Troy,209.0,2009,13.0,321.0,504.0,504.0,4254.0,23.0,4.6,9.0,1.8,146.1,54.0,7.0,1.0,/cfb/schools/troy/2009.html,,,,,,
Levi Brown,23,QB,,,,,,,,,,,,,,,,,,,,,,,
Sean Canfield,24,QB,Oregon St.,239.0,2006,9.0,28.0,45.0,45.0,335.0,2.0,4.4,2.0,4.4,130.5,3.0,-10.0,1.0,/cfb/schools/oregon-state/2006.html,,,,,,
Sean Canfield,24,QB,Oregon St.,239.0,2007,11.0,165.0,286.0,286.0,1661.0,9.0,3.1,15.0,5.2,106.4,36.0,-115.0,0.0,/cfb/schools/oregon-state/2007.html,,,,,,
Sean Canfield,24,QB,Oregon St.,239.0,2008,5.0,56.0,84.0,84.0,703.0,6.0,7.1,2.0,2.4,155.8,6.0,-28.0,0.0,/cfb/schools/oregon-state/2008.html,,,,,,
Sean Canfield,24,QB,Oregon St.,239.0,2009,13.0,303.0,446.0,446.0,3271.0,21.0,4.7,7.0,1.6,141.9,48.0,-160.0,2.0,/cfb/schools/oregon-state/2009.html,,,,,,
Sean Canfield,24,QB,,,,,,,,,,,,,,,,,,,,,,,
Zac Robinson,23,QB,Oklahoma St.,250.0,2006,7.0,25.0,51.0,51.0,345.0,3.0,5.9,0.0,0.0,125.3,29.0,144.0,1.0,/cfb/schools/oklahoma-state/2006.html,,,,,,
Zac Robinson,23,QB,Oklahoma St.,250.0,2007,13.0,201.0,333.0,333.0,2824.0,23.0,6.9,9.0,2.7,149.0,140.0,847.0,9.0,/cfb/schools/oklahoma-state/2007.html,,,,,,
Zac Robinson,23,QB,Oklahoma St.,250.0,2008,13.0,204.0,314.0,314.0,3064.0,25.0,8.0,10.0,3.2,166.8,146.0,562.0,8.0,/cfb/schools/oklahoma-state/2008.html,,,,,,
Zac Robinson,23,QB,Oklahoma St.,250.0,2009,12.0,180.0,301.0,301.0,2084.0,15.0,5.0,12.0,4.0,126.4,111.0,305.0,4.0,/cfb/schools/oklahoma-state/2009.html,,,,,,
Zac Robinson,23,QB,,,,,,,,,,,,,,,,,,,,,,,
Cam Newton,22,QB,Auburn,1.0,2007,5.0,5.0,10.0,10.0,40.0,0.0,0.0,0.0,0.0,83.6,16.0,103.0,3.0,/cfb/schools/florida/2007.html,,,,,,
Cam Newton,22,QB,Auburn,1.0,2008,1.0,1.0,2.0,2.0,14.0,0.0,0.0,0.0,0.0,108.8,5.0,10.0,1.0,/cfb/schools/florida/2008.html,,,,,,
Cam Newton,22,QB,Auburn,1.0,2010,14.0,185.0,280.0,280.0,2854.0,30.0,10.7,7.0,2.5,182.0,264.0,1473.0,20.0,/cfb/schools/auburn/2010.html,,,,,,
Cam Newton,22,QB,,,,16.0,,,,,,,,,,,,,,60.0,4051.0,21.0,17.0,706.0,14.0
Jake Locker,23,QB,Washington,8.0,2007,12.0,155.0,328.0,328.0,2062.0,14.0,4.3,15.0,4.6,105.0,172.0,986.0,13.0,/cfb/schools/washington/2007.html,,,,,,
Jake Locker,23,QB,Washington,8.0,2008,4.0,50.0,93.0,93.0,512.0,1.0,1.1,0.0,0.0,103.6,56.0,180.0,3.0,/cfb/schools/washington/2008.html,,,,,,
Jake Locker,23,QB,Washington,8.0,2009,12.0,230.0,394.0,394.0,2800.0,21.0,5.3,11.0,2.8,130.1,112.0,388.0,7.0,/cfb/schools/washington/2009.html,,,,,,
Jake Locker,23,QB,Washington,8.0,2010,12.0,184.0,332.0,332.0,2265.0,17.0,5.1,9.0,2.7,124.2,114.0,385.0,6.0,/cfb/schools/washington/2010.html,,,,,,
Jake Locker,23,QB,,,,5.0,,,,,,,,,,,,,,51.5,542.0,4.0,0.0,56.0,1.0
Blaine Gabbert,21,QB,Missouri,10.0,2008,5.0,5.0,13.0,13.0,43.0,0.0,0.0,0.0,0.0,66.2,6.0,22.0,0.0,/cfb/schools/missouri/2008.html,,,,,,
Blaine Gabbert,21,QB,Missouri,10.0,2009,13.0,262.0,445.0,445.0,3593.0,24.0,5.4,9.0,2.0,140.5,103.0,204.0,3.0,/cfb/schools/missouri/2009.html,,,,,,
Blaine Gabbert,21,QB,Missouri,10.0,2010,13.0,301.0,475.0,475.0,3186.0,16.0,3.4,9.0,1.9,127.0,112.0,232.0,5.0,/cfb/schools/missouri/2010.html,,,,,,
Blaine Gabbert,21,QB,,,,15.0,,,,,,,,,,,,,,50.8,2214.0,12.0,11.0,98.0,0.0
Christian Ponder,23,QB,Florida St.,12.0,2007,1.0,8.0,18.0,18.0,105.0,1.0,5.6,2.0,11.1,89.6,5.0,51.0,0.0,/cfb/schools/florida-state/2007.html,,,,,,
Christian Ponder,23,QB,Florida St.,12.0,2008,13.0,177.0,318.0,318.0,2006.0,14.0,4.4,13.0,4.1,115.0,119.0,423.0,4.0,/cfb/schools/florida-state/2008.html,,,,,,
Christian Ponder,23,QB,Florida St.,12.0,2009,9.0,227.0,330.0,330.0,2717.0,14.0,4.2,7.0,2.1,147.7,72.0,179.0,2.0,/cfb/schools/florida-state/2009.html,,,,,,
Christian Ponder,23,QB,Florida St.,12.0,2010,12.0,184.0,299.0,299.0,2044.0,20.0,6.7,8.0,2.7,135.7,100.0,180.0,4.0,/cfb/schools/florida-state/2010.html,,,,,,
Christian Ponder,23,QB,,,,11.0,,,,,,,,,,,,,,54.3,1853.0,13.0,13.0,219.0,0.0
Andy Dalton,23,QB,TCU,35.0,2007,13.0,222.0,371.0,371.0,2459.0,10.0,2.7,11.0,3.0,118.5,98.0,232.0,5.0,/cfb/schools/texas-christian/2007.html,,,,,,
Andy Dalton,23,QB,TCU,35.0,2008,11.0,182.0,307.0,307.0,2242.0,11.0,3.6,5.0,1.6,129.2,113.0,432.0,8.0,/cfb/schools/texas-christian/2008.html,,,,,,
Andy Dalton,23,QB,TCU,35.0,2009,13.0,199.0,323.0,323.0,2756.0,23.0,7.1,8.0,2.5,151.8,116.0,512.0,3.0,/cfb/schools/texas-christian/2009.html,,,,,,
Andy Dalton,23,QB,TCU,35.0,2010,13.0,209.0,316.0,316.0,2857.0,27.0,8.5,6.0,1.9,166.5,86.0,435.0,6.0,/cfb/schools/texas-christian/2010.html,,,,,,
Andy Dalton,23,QB,,,,16.0,,,,,,,,,,,,,,58.1,3398.0,20.0,13.0,152.0,1.0
Colin Kaepernick,23,QB,Nevada,36.0,2007,11.0,133.0,247.0,247.0,2175.0,19.0,7.7,3.0,1.2,150.8,105.0,593.0,6.0,/cfb/schools/nevada/2007.html,,,,,,
Colin Kaepernick,23,QB,Nevada,36.0,2008,13.0,208.0,383.0,383.0,2849.0,22.0,5.7,7.0,1.8,132.1,161.0,1130.0,17.0,/cfb/schools/nevada/2008.html,,,,,,
Colin Kaepernick,23,QB,Nevada,36.0,2009,13.0,166.0,282.0,282.0,2052.0,20.0,7.1,6.0,2.1,139.1,161.0,1183.0,16.0,/cfb/schools/nevada/2009.html,,,,,,
Colin Kaepernick,23,QB,Nevada,36.0,2010,14.0,233.0,359.0,359.0,3022.0,21.0,5.8,8.0,2.2,150.5,173.0,1206.0,20.0,/cfb/schools/nevada/2010.html,,,,,,
Colin Kaepernick,23,QB,,,,3.0,,,,,,,,,,,,,,60.0,35.0,0.0,0.0,-2.0,0.0
Ryan Mallett,23,QB,Arkansas,74.0,2007,11.0,61.0,141.0,141.0,892.0,7.0,5.0,5.0,3.5,105.7,33.0,-38.0,1.0,/cfb/schools/michigan/2007.html,,,,,,
Ryan Mallett,23,QB,Arkansas,74.0,2009,13.0,225.0,403.0,403.0,3624.0,30.0,7.4,7.0,1.7,152.5,58.0,-29.0,2.0,/cfb/schools/arkansas/2009.html,,,,,,
Ryan Mallett,23,QB,Arkansas,74.0,2010,13.0,266.0,411.0,411.0,3869.0,32.0,7.8,12.0,2.9,163.6,44.0,-74.0,4.0,/cfb/schools/arkansas/2010.html,,,,,,
Ryan Mallett,23,QB,,,,4.0,,,,,,,,,,,,,,25.0,17.0,0.0,1.0,-9.0,0.0
Ricky Stanzi,24,QB,Iowa,135.0,2007,2.0,0.0,4.0,4.0,0.0,0.0,0.0,1.0,25.0,-50.0,1.0,13.0,0.0,/cfb/schools/iowa/2007.html,,,,,,
Ricky Stanzi,24,QB,Iowa,135.0,2008,13.0,150.0,254.0,254.0,1956.0,14.0,5.5,9.0,3.5,134.8,56.0,20.0,0.0,/cfb/schools/iowa/2008.html,,,,,,
Ricky Stanzi,24,QB,Iowa,135.0,2009,11.0,171.0,304.0,304.0,2417.0,17.0,5.6,15.0,4.9,131.6,55.0,-31.0,0.0,/cfb/schools/iowa/2009.html,,,,,,
Ricky Stanzi,24,QB,Iowa,135.0,2010,13.0,221.0,345.0,345.0,3004.0,25.0,7.2,6.0,1.7,157.6,48.0,-6.0,2.0,/cfb/schools/iowa/2010.html,,,,,,
Ricky Stanzi,24,QB,,,,,,,,,,,,,,,,,,,,,,,
T.J. Yates,24,QB,North Carolina,152.0,2007,12.0,218.0,365.0,365.0,2655.0,14.0,3.8,18.0,4.9,123.6,73.0,-123.0,2.0,/cfb/schools/north-carolina/2007.html,,,,,,
T.J. Yates,24,QB,North Carolina,152.0,2008,7.0,81.0,135.0,135.0,1168.0,11.0,8.1,4.0,3.0,153.6,24.0,-67.0,1.0,/cfb/schools/north-carolina/2008.html,,,,,,
T.J. Yates,24,QB,North Carolina,152.0,2009,13.0,214.0,355.0,355.0,2136.0,14.0,3.9,15.0,4.2,115.4,44.0,-66.0,1.0,/cfb/schools/north-carolina/2009.html,,,,,,
T.J. Yates,24,QB,North Carolina,152.0,2010,13.0,282.0,422.0,422.0,3418.0,19.0,4.5,9.0,2.1,145.5,79.0,-77.0,3.0,/cfb/schools/north-carolina/2010.html,,,,,,
T.J. Yates,24,QB,,,,6.0,,,,,,,,,,,,,,61.2,949.0,3.0,3.0,57.0,0.0
Nathan Enderle,23,QB,Idaho,160.0,2007,10.0,132.0,298.0,298.0,1787.0,10.0,3.4,18.0,6.0,93.7,52.0,-75.0,1.0,/cfb/schools/idaho/2007.html,,,,,,
Nathan Enderle,23,QB,Idaho,160.0,2008,12.0,184.0,339.0,339.0,2077.0,20.0,5.9,17.0,5.0,115.2,76.0,-22.0,1.0,/cfb/schools/idaho/2008.html,,,,,,
Nathan Enderle,23,QB,Idaho,160.0,2009,11.0,192.0,312.0,312.0,2906.0,22.0,7.1,9.0,2.9,157.3,41.0,-55.0,0.0,/cfb/schools/idaho/2009.html,,,,,,
Nathan Enderle,23,QB,Idaho,160.0,2010,13.0,271.0,478.0,478.0,3314.0,22.0,4.6,16.0,3.3,123.4,59.0,-197.0,1.0,/cfb/schools/idaho/2010.html,,,,,,
Nathan Enderle,23,QB,,,,,,,,,,,,,,,,,,,,,,,
Tyrod Taylor,22,QB,Virginia Tech,180.0,2007,11.0,72.0,134.0,134.0,927.0,5.0,3.7,3.0,2.2,119.7,102.0,429.0,6.0,/cfb/schools/virginia-tech/2007.html,,,,,,
Tyrod Taylor,22,QB,Virginia Tech,180.0,2008,12.0,99.0,173.0,173.0,1036.0,2.0,1.2,7.0,4.0,103.3,147.0,738.0,7.0,/cfb/schools/virginia-tech/2008.html,,,,,,
Tyrod Taylor,22,QB,Virginia Tech,180.0,2009,13.0,136.0,243.0,243.0,2311.0,13.0,5.3,5.0,2.1,149.4,106.0,370.0,5.0,/cfb/schools/virginia-tech/2009.html,,,,,,
Tyrod Taylor,22,QB,Virginia Tech,180.0,2010,14.0,188.0,315.0,315.0,2743.0,24.0,7.6,5.0,1.6,154.8,146.0,659.0,5.0,/cfb/schools/virginia-tech/2010.html,,,,,,
Tyrod Taylor,22,QB,,,,3.0,,,,,,,,,,,,,,100.0,18.0,0.0,0.0,2.0,0.0
Greg McElroy,23,QB,Alabama,208.0,2007,2.0,8.0,9.0,9.0,73.0,1.0,11.1,0.0,0.0,193.7,0.0,0.0,0.0,/cfb/schools/alabama/2007.html,,,,,,
Greg McElroy,23,QB,Alabama,208.0,2008,6.0,8.0,11.0,11.0,123.0,1.0,9.1,1.0,9.1,178.5,0.0,0.0,0.0,/cfb/schools/alabama/2008.html,,,,,,
Greg McElroy,23,QB,Alabama,208.0,2009,14.0,198.0,325.0,325.0,2508.0,17.0,5.2,4.0,1.2,140.5,54.0,83.0,1.0,/cfb/schools/alabama/2009.html,,,,,,
Greg McElroy,23,QB,Alabama,208.0,2010,13.0,222.0,313.0,313.0,2987.0,20.0,6.4,5.0,1.6,169.0,60.0,-12.0,1.0,/cfb/schools/alabama/2010.html,,,,,,
Greg McElroy,23,QB,,,,2.0,,,,,,,,,,,,,,61.3,214.0,1.0,1.0,30.0,0.0
Andrew Luck,22,QB,Stanford,1.0,2009,12.0,162.0,288.0,288.0,2575.0,13.0,4.5,4.0,1.4,143.5,61.0,354.0,2.0,/cfb/schools/stanford/2009.html,,,,,,
Andrew Luck,22,QB,Stanford,1.0,2010,13.0,263.0,372.0,372.0,3338.0,32.0,8.6,8.0,2.2,170.2,55.0,453.0,3.0,/cfb/schools/stanford/2010.html,,,,,,
Andrew Luck,22,QB,Stanford,1.0,2011,13.0,288.0,404.0,404.0,3517.0,37.0,9.2,10.0,2.5,169.7,47.0,150.0,2.0,/cfb/schools/stanford/2011.html,,,,,,
Andrew Luck,22,QB,,,,16.0,,,,,,,,,,,,,,54.1,4374.0,23.0,18.0,255.0,5.0
Robert Griffin III,22,QB,Baylor,2.0,2008,12.0,160.0,267.0,267.0,2091.0,15.0,5.6,3.0,1.1,142.0,173.0,843.0,13.0,/cfb/schools/baylor/2008.html,,,,,,
Robert Griffin III,22,QB,Baylor,2.0,2009,3.0,45.0,69.0,69.0,481.0,4.0,5.8,0.0,0.0,142.9,27.0,77.0,2.0,/cfb/schools/baylor/2009.html,,,,,,
Robert Griffin III,22,QB,Baylor,2.0,2010,13.0,304.0,454.0,454.0,3501.0,22.0,4.8,8.0,1.8,144.2,149.0,635.0,8.0,/cfb/schools/baylor/2010.html,,,,,,
Robert Griffin III,22,QB,Baylor,2.0,2011,13.0,291.0,402.0,402.0,4293.0,37.0,9.2,6.0,1.5,189.5,179.0,699.0,10.0,/cfb/schools/baylor/2011.html,,,,,,
Robert Griffin III,22,QB,,,,15.0,,,,,,,,,,,,,,65.6,3200.0,20.0,5.0,815.0,7.0
Ryan Tannehill,24,QB,Texas A&M,8.0,2008,11.0,1.0,1.0,1.0,8.0,0.0,0.0,0.0,0.0,167.2,2.0,-8.0,0.0,/cfb/schools/texas-am/2008.html,,,,,,
Ryan Tannehill,24,QB,Texas A&M,8.0,2009,13.0,4.0,8.0,8.0,60.0,0.0,0.0,0.0,0.0,113.0,4.0,-5.0,0.0,/cfb/schools/texas-am/2009.html,,,,,,
Ryan Tannehill,24,QB,Texas A&M,8.0,2010,13.0,152.0,234.0,234.0,1638.0,13.0,5.6,6.0,2.6,137.0,51.0,76.0,1.0,/cfb/schools/texas-am/2010.html,,,,,,
Ryan Tannehill,24,QB,Texas A&M,8.0,2011,13.0,327.0,531.0,531.0,3744.0,29.0,5.5,15.0,2.8,133.2,58.0,306.0,4.0,/cfb/schools/texas-am/2011.html,,,,,,
Ryan Tannehill,24,QB,,,,16.0,,,,,,,,,,,,,,58.3,3294.0,12.0,13.0,211.0,2.0
Brandon Weeden,28,QB,Oklahoma St.,22.0,2008,1.0,1.0,3.0,3.0,8.0,0.0,0.0,0.0,0.0,55.7,1.0,2.0,0.0,/cfb/schools/oklahoma-state/2008.html,,,,,,
Brandon Weeden,28,QB,Oklahoma St.,22.0,2009,3.0,15.0,24.0,24.0,248.0,4.0,16.7,1.0,4.2,196.0,4.0,18.0,0.0,/cfb/schools/oklahoma-state/2009.html,,,,,,
Brandon Weeden,28,QB,Oklahoma St.,22.0,2010,13.0,342.0,511.0,511.0,4277.0,34.0,6.7,13.0,2.5,154.1,17.0,-68.0,0.0,/cfb/schools/oklahoma-state/2010.html,,,,,,
Brandon Weeden,28,QB,Oklahoma St.,22.0,2011,13.0,409.0,565.0,565.0,4727.0,37.0,6.5,13.0,2.3,159.7,17.0,-102.0,1.0,/cfb/schools/oklahoma-state/2011.html,,,,,,
Brandon Weeden,28,QB,,,,15.0,,,,,,,,,,,,,,57.4,3385.0,14.0,17.0,111.0,0.0
Brock Osweiler,21,QB,Arizona St.,57.0,2009,6.0,24.0,55.0,55.0,249.0,2.0,3.6,2.0,3.6,86.4,16.0,7.0,0.0,/cfb/schools/arizona-state/2009.html,,,,,,
Brock Osweiler,21,QB,Arizona St.,57.0,2010,6.0,62.0,109.0,109.0,797.0,5.0,4.6,0.0,0.0,133.4,38.0,124.0,1.0,/cfb/schools/arizona-state/2010.html,,,,,,
Brock Osweiler,21,QB,Arizona St.,57.0,2011,13.0,326.0,516.0,516.0,4036.0,26.0,5.0,13.0,2.5,140.5,83.0,90.0,3.0,/cfb/schools/arizona-state/2011.html,,,,,,
Brock Osweiler,21,QB,,,,5.0,,,,,,,,,,,,,,50.0,12.0,0.0,0.0,-13.0,0.0
Russell Wilson,23,QB,Wisconsin,75.0,2008,11.0,150.0,275.0,275.0,1955.0,17.0,6.2,1.0,0.4,133.9,116.0,388.0,4.0,/cfb/schools/north-carolina-state/2008.html,,,,,,
Russell Wilson,23,QB,Wisconsin,75.0,2009,12.0,224.0,378.0,378.0,3027.0,31.0,8.2,11.0,2.9,147.8,103.0,260.0,4.0,/cfb/schools/north-carolina-state/2009.html,,,,,,
Russell Wilson,23,QB,Wisconsin,75.0,2010,13.0,308.0,527.0,527.0,3563.0,28.0,5.3,14.0,2.7,127.5,143.0,435.0,9.0,/cfb/schools/north-carolina-state/2010.html,,,,,,
Russell Wilson,23,QB,Wisconsin,75.0,2011,14.0,225.0,309.0,309.0,3175.0,33.0,10.7,4.0,1.3,191.8,79.0,338.0,6.0,/cfb/schools/wisconsin/2011.html,,,,,,
Russell Wilson,23,QB,,,,16.0,,,,,,,,,,,,,,64.1,3118.0,26.0,10.0,489.0,4.0
Nick Foles,23,QB,Arizona,88.0,2007,1.0,5.0,8.0,8.0,57.0,0.0,0.0,0.0,0.0,122.4,0.0,0.0,0.0,/cfb/schools/michigan-state/2007.html,,,,,,
Nick Foles,23,QB,Arizona,88.0,2009,12.0,260.0,410.0,410.0,2486.0,19.0,4.6,9.0,2.2,125.2,28.0,-74.0,3.0,/cfb/schools/arizona/2009.html,,,,,,
Nick Foles,23,QB,Arizona,88.0,2010,11.0,286.0,426.0,426.0,3191.0,20.0,4.7,10.0,2.3,140.9,35.0,-113.0,1.0,/cfb/schools/arizona/2010.html,,,,,,
Nick Foles,23,QB,Arizona,88.0,2011,12.0,387.0,560.0,560.0,4334.0,28.0,5.0,14.0,2.5,145.6,43.0,-103.0,0.0,/cfb/schools/arizona/2011.html,,,,,,
Nick Foles,23,QB,,,,7.0,,,,,,,,,,,,,,60.8,1699.0,6.0,5.0,42.0,1.0
Kirk Cousins,24,QB,Michigan St.,102.0,2008,5.0,32.0,43.0,43.0,310.0,2.0,4.7,1.0,2.3,145.7,3.0,-12.0,0.0,/cfb/schools/michigan-state/2008.html,,,,,,
Kirk Cousins,24,QB,Michigan St.,102.0,2009,13.0,198.0,328.0,328.0,2680.0,19.0,5.8,9.0,2.7,142.6,31.0,60.0,0.0,/cfb/schools/michigan-state/2009.html,,,,,,
Kirk Cousins,24,QB,Michigan St.,102.0,2010,13.0,226.0,338.0,338.0,2825.0,20.0,5.9,10.0,3.0,150.7,40.0,-136.0,1.0,/cfb/schools/michigan-state/2010.html,,,,,,
Kirk Cousins,24,QB,Michigan St.,102.0,2011,14.0,267.0,419.0,419.0,3316.0,25.0,6.0,10.0,2.4,145.1,37.0,-39.0,0.0,/cfb/schools/michigan-state/2011.html,,,,,,
Kirk Cousins,24,QB,,,,3.0,,,,,,,,,,,,,,68.8,466.0,4.0,3.0,22.0,0.0
Ryan Lindley,23,QB,San Diego St.,185.0,2008,11.0,242.0,427.0,427.0,2653.0,16.0,3.7,9.0,2.1,117.0,31.0,-62.0,1.0,/cfb/schools/san-diego-state/2008.html,,,,,,
Ryan Lindley,23,QB,San Diego St.,185.0,2009,12.0,239.0,437.0,437.0,3054.0,23.0,5.3,16.0,3.7,123.4,22.0,-131.0,1.0,/cfb/schools/san-diego-state/2009.html,,,,,,
Ryan Lindley,23,QB,San Diego St.,185.0,2010,13.0,243.0,421.0,421.0,3830.0,28.0,6.7,14.0,3.3,149.4,19.0,-31.0,0.0,/cfb/schools/san-diego-state/2010.html,,,,,,
Ryan Lindley,23,QB,San Diego St.,185.0,2011,13.0,237.0,447.0,447.0,3153.0,23.0,5.1,8.0,1.8,125.7,18.0,-51.0,0.0,/cfb/schools/san-diego-state/2011.html,,,,,,
Ryan Lindley,23,QB,,,,6.0,,,,,,,,,,,,,,52.0,752.0,0.0,7.0,7.0,0.0
B.J. Coleman,23,QB,,,,,,,,,,,,,,,,,,,,,,,
Chandler Harnish,24,QB,Northern Illinois,253.0,2008,10.0,118.0,211.0,211.0,1528.0,8.0,3.8,9.0,4.3,120.7,118.0,539.0,4.0,/cfb/schools/northern-illinois/2008.html,,,,,,
Chandler Harnish,24,QB,Northern Illinois,253.0,2009,10.0,143.0,223.0,223.0,1670.0,11.0,4.9,6.0,2.7,137.9,89.0,229.0,2.0,/cfb/schools/northern-illinois/2009.html,,,,,,
Chandler Harnish,24,QB,Northern Illinois,253.0,2010,13.0,189.0,292.0,292.0,2530.0,21.0,7.2,5.0,1.7,157.8,137.0,836.0,7.0,/cfb/schools/northern-illinois/2010.html,,,,,,
Chandler Harnish,24,QB,Northern Illinois,253.0,2011,14.0,237.0,384.0,384.0,3216.0,28.0,7.3,6.0,1.6,153.0,194.0,1379.0,11.0,/cfb/schools/northern-illinois/2011.html,,,,,,
Chandler Harnish,24,QB,,,,,,,,,,,,,,,,,,,,,,,
EJ Manuel,23,QB,Florida St.,16.0,2009,7.0,69.0,106.0,106.0,817.0,2.0,1.9,6.0,5.7,124.7,44.0,196.0,2.0,/cfb/schools/florida-state/2009.html,,,,,,
EJ Manuel,23,QB,Florida St.,16.0,2010,10.0,65.0,93.0,93.0,861.0,4.0,4.3,4.0,4.3,153.3,41.0,170.0,1.0,/cfb/schools/florida-state/2010.html,,,,,,
EJ Manuel,23,QB,Florida St.,16.0,2011,12.0,203.0,311.0,311.0,2666.0,18.0,5.8,8.0,2.6,151.2,110.0,151.0,4.0,/cfb/schools/florida-state/2011.html,,,,,,
EJ Manuel,23,QB,Florida St.,16.0,2012,14.0,263.0,387.0,387.0,3397.0,23.0,5.9,10.0,2.6,156.1,103.0,310.0,4.0,/cfb/schools/florida-state/2012.html,,,,,,
EJ Manuel,23,QB,,,,10.0,,,,,,,,,,,,,,58.8,1972.0,11.0,9.0,186.0,2.0
Geno Smith,22,QB,West Virginia,39.0,2009,5.0,32.0,49.0,49.0,309.0,1.0,2.0,1.0,2.0,120.9,17.0,7.0,0.0,/cfb/schools/west-virginia/2009.html,,,,,,
Geno Smith,22,QB,West Virginia,39.0,2010,13.0,241.0,372.0,372.0,2763.0,24.0,6.5,7.0,1.9,144.7,106.0,217.0,0.0,/cfb/schools/west-virginia/2010.html,,,,,,
Geno Smith,22,QB,West Virginia,39.0,2011,13.0,346.0,526.0,526.0,4385.0,31.0,5.9,7.0,1.3,152.6,56.0,-33.0,2.0,/cfb/schools/west-virginia/2011.html,,,,,,
Geno Smith,22,QB,West Virginia,39.0,2012,13.0,369.0,518.0,518.0,4205.0,42.0,8.1,6.0,1.2,163.9,66.0,151.0,2.0,/cfb/schools/west-virginia/2012.html,,,,,,
Geno Smith,22,QB,,,,16.0,,,,,,,,,,,,,,55.8,3046.0,12.0,21.0,366.0,6.0
Mike Glennon,23,QB,North Carolina St.,73.0,2009,7.0,24.0,39.0,39.0,248.0,1.0,2.6,2.0,5.1,113.2,3.0,-9.0,0.0,/cfb/schools/north-carolina-state/2009.html,,,,,,
Mike Glennon,23,QB,North Carolina St.,73.0,2010,3.0,9.0,13.0,13.0,78.0,0.0,0.0,0.0,0.0,119.6,1.0,3.0,0.0,/cfb/schools/north-carolina-state/2010.html,,,,,,
Mike Glennon,23,QB,North Carolina St.,73.0,2011,13.0,283.0,453.0,453.0,3054.0,31.0,6.8,12.0,2.6,136.4,51.0,-110.0,1.0,/cfb/schools/north-carolina-state/2011.html,,,,,,
Mike Glennon,23,QB,North Carolina St.,73.0,2012,13.0,330.0,564.0,564.0,4031.0,31.0,5.5,17.0,3.0,130.7,56.0,-164.0,2.0,/cfb/schools/north-carolina-state/2012.html,,,,,,
Mike Glennon,23,QB,,,,13.0,,,,,,,,,,,,,,59.4,2608.0,19.0,9.0,37.0,0.0
Matt Barkley,22,QB,USC,98.0,2009,12.0,211.0,352.0,352.0,2735.0,15.0,4.3,14.0,4.0,131.3,45.0,-38.0,2.0,/cfb/schools/southern-california/2009.html,,,,,,
Matt Barkley,22,QB,USC,98.0,2010,12.0,236.0,377.0,377.0,2791.0,26.0,6.9,12.0,3.2,141.2,34.0,-17.0,2.0,/cfb/schools/southern-california/2010.html,,,,,,
Matt Barkley,22,QB,USC,98.0,2011,12.0,308.0,446.0,446.0,3528.0,39.0,8.7,7.0,1.6,161.2,28.0,14.0,2.0,/cfb/schools/southern-california/2011.html,,,,,,
Matt Barkley,22,QB,USC,98.0,2012,11.0,246.0,387.0,387.0,3273.0,36.0,9.3,15.0,3.9,157.6,25.0,-72.0,0.0,/cfb/schools/southern-california/2012.html,,,,,,
Matt Barkley,22,QB,,,,3.0,,,,,,,,,,,,,,61.2,300.0,0.0,4.0,-2.0,0.0
Ryan Nassib,23,QB,Syracuse,110.0,2009,9.0,36.0,68.0,68.0,422.0,3.0,4.4,1.0,1.5,116.7,27.0,26.0,0.0,/cfb/schools/syracuse/2009.html,,,,,,
Ryan Nassib,23,QB,Syracuse,110.0,2010,13.0,202.0,358.0,358.0,2334.0,19.0,5.3,8.0,2.2,124.2,66.0,-39.0,1.0,/cfb/schools/syracuse/2010.html,,,,,,
Ryan Nassib,23,QB,Syracuse,110.0,2011,12.0,259.0,415.0,415.0,2685.0,22.0,5.3,9.0,2.2,129.9,65.0,39.0,2.0,/cfb/schools/syracuse/2011.html,,,,,,
Ryan Nassib,23,QB,Syracuse,110.0,2012,13.0,294.0,471.0,471.0,3749.0,26.0,5.5,10.0,2.1,143.3,84.0,142.0,2.0,/cfb/schools/syracuse/2012.html,,,,,,
Ryan Nassib,23,QB,,,,4.0,,,,,,,,,,,,,,80.0,60.0,0.0,0.0,-3.0,0.0
Tyler Wilson,24,QB,Arkansas,112.0,2008,2.0,11.0,22.0,22.0,69.0,1.0,4.5,2.0,9.1,73.2,3.0,-24.0,0.0,/cfb/schools/arkansas/2008.html,,,,,,
Tyler Wilson,24,QB,Arkansas,112.0,2009,5.0,22.0,36.0,36.0,218.0,2.0,5.6,2.0,5.6,119.2,2.0,0.0,0.0,/cfb/schools/arkansas/2009.html,,,,,,
Tyler Wilson,24,QB,Arkansas,112.0,2010,6.0,34.0,51.0,51.0,453.0,4.0,7.8,3.0,5.9,155.4,4.0,-24.0,0.0,/cfb/schools/arkansas/2010.html,,,,,,
Tyler Wilson,24,QB,Arkansas,112.0,2011,13.0,277.0,438.0,438.0,3638.0,24.0,5.5,6.0,1.4,148.4,60.0,-3.0,4.0,/cfb/schools/arkansas/2011.html,,,,,,
Tyler Wilson,24,QB,Arkansas,112.0,2012,11.0,249.0,401.0,401.0,3387.0,21.0,5.2,13.0,3.2,143.8,41.0,7.0,0.0,/cfb/schools/arkansas/2012.html,,,,,,
Tyler Wilson,24,QB,,,,,,,,,,,,,,,,,,,,,,,
Landry Jones,24,QB,Oklahoma,115.0,2009,13.0,261.0,449.0,449.0,3198.0,26.0,5.8,14.0,3.1,130.8,35.0,-113.0,0.0,/cfb/schools/oklahoma/2009.html,,,,,,
Landry Jones,24,QB,Oklahoma,115.0,2010,14.0,405.0,617.0,617.0,4718.0,38.0,6.2,12.0,1.9,146.3,51.0,-128.0,1.0,/cfb/schools/oklahoma/2010.html,,,,,,
Landry Jones,24,QB,Oklahoma,115.0,2011,13.0,355.0,562.0,562.0,4463.0,29.0,5.2,15.0,2.7,141.6,32.0,-24.0,2.0,/cfb/schools/oklahoma/2011.html,,,,,,
Landry Jones,24,QB,Oklahoma,115.0,2012,13.0,367.0,555.0,555.0,4267.0,30.0,5.4,11.0,2.0,144.6,14.0,-110.0,0.0,/cfb/schools/oklahoma/2012.html,,,,,,
Landry Jones,24,QB,,,,7.0,,,,,,,,,,,,,,58.2,513.0,3.0,4.0,-5.0,0.0
Brad Sorensen,25,QB,,,,,,,,,,,,,,,,,,,,,,,
Zac Dysert,23,QB,Miami (OH),234.0,2009,11.0,247.0,401.0,401.0,2611.0,12.0,3.0,16.0,4.0,118.2,149.0,258.0,5.0,/cfb/schools/miami-oh/2009.html,,,,,,
Zac Dysert,23,QB,Miami (OH),234.0,2010,11.0,222.0,343.0,343.0,2406.0,13.0,3.8,12.0,3.5,129.2,79.0,27.0,1.0,/cfb/schools/miami-oh/2010.html,,,,,,
Zac Dysert,23,QB,Miami (OH),234.0,2011,12.0,295.0,448.0,448.0,3513.0,23.0,5.1,11.0,2.5,143.7,125.0,115.0,4.0,/cfb/schools/miami-oh/2011.html,,,,,,
Zac Dysert,23,QB,Miami (OH),234.0,2012,12.0,302.0,480.0,480.0,3483.0,25.0,5.2,12.0,2.5,136.1,108.0,265.0,2.0,/cfb/schools/miami-oh/2012.html,,,,,,
Zac Dysert,23,QB,,,,,,,,,,,,,,,,,,,,,,,
B.J. Daniels,24,QB,South Florida,237.0,2008,2.0,4.0,5.0,5.0,86.0,0.0,0.0,0.0,0.0,224.5,3.0,2.0,0.0,/cfb/schools/south-florida/2008.html,,,,,,
B.J. Daniels,24,QB,South Florida,237.0,2009,13.0,122.0,227.0,227.0,1983.0,14.0,6.2,9.0,4.0,139.5,175.0,772.0,9.0,/cfb/schools/south-florida/2009.html,,,,,,
B.J. Daniels,24,QB,South Florida,237.0,2010,12.0,143.0,245.0,245.0,1685.0,11.0,4.5,13.0,5.3,120.3,112.0,259.0,5.0,/cfb/schools/south-florida/2010.html,,,,,,
B.J. Daniels,24,QB,South Florida,237.0,2011,11.0,215.0,365.0,365.0,2604.0,13.0,3.6,7.0,1.9,126.7,132.0,601.0,6.0,/cfb/schools/south-florida/2011.html,,,,,,
B.J. Daniels,24,QB,South Florida,237.0,2012,9.0,165.0,290.0,290.0,2075.0,14.0,4.8,10.0,3.4,126.0,104.0,434.0,5.0,/cfb/schools/south-florida/2012.html,,,,,,
B.J. Daniels,24,QB,,,,8.0,,,,,,,,,,,,,,50.0,7.0,0.0,0.0,6.0,0.0
Sean Renfree,23,QB,Duke,249.0,2009,6.0,34.0,50.0,50.0,330.0,4.0,8.0,2.0,4.0,141.8,6.0,-12.0,0.0,/cfb/schools/duke/2009.html,,,,,,
Sean Renfree,23,QB,Duke,249.0,2010,12.0,285.0,464.0,464.0,3131.0,14.0,3.0,17.0,3.7,120.7,51.0,-47.0,4.0,/cfb/schools/duke/2010.html,,,,,,
Sean Renfree,23,QB,Duke,249.0,2011,12.0,282.0,434.0,434.0,2891.0,14.0,3.2,11.0,2.5,126.5,58.0,-58.0,4.0,/cfb/schools/duke/2011.html,,,,,,
Sean Renfree,23,QB,Duke,249.0,2012,12.0,297.0,441.0,441.0,3113.0,19.0,4.3,10.0,2.3,136.3,38.0,-50.0,1.0,/cfb/schools/duke/2012.html,,,,,,
Sean Renfree,23,QB,,,,2.0,,,,,,,,,,,,,,42.9,11.0,0.0,1.0,-4.0,0.0
Blake Bortles,22,QB,Central Florida,3.0,2011,10.0,75.0,110.0,110.0,958.0,6.0,5.5,3.0,2.7,153.9,21.0,4.0,1.0,/cfb/schools/central-florida/2011.html,,,,,,
Blake Bortles,22,QB,Central Florida,3.0,2012,14.0,251.0,399.0,399.0,3059.0,25.0,6.3,7.0,1.8,144.5,87.0,285.0,8.0,/cfb/schools/central-florida/2012.html,,,,,,
Blake Bortles,22,QB,Central Florida,3.0,2013,13.0,259.0,382.0,382.0,3581.0,25.0,6.5,9.0,2.4,163.4,87.0,272.0,6.0,/cfb/schools/central-florida/2013.html,,,,,,
Blake Bortles,22,QB,,,,14.0,,,,,,,,,,,,,,58.9,2908.0,11.0,17.0,419.0,0.0
Johnny Manziel,21,QB,Texas A&M,22.0,2012,13.0,295.0,434.0,434.0,3706.0,26.0,6.0,9.0,2.1,155.3,201.0,1410.0,21.0,/cfb/schools/texas-am/2012.html,,,,,,
Johnny Manziel,21,QB,Texas A&M,22.0,2013,13.0,300.0,429.0,429.0,4114.0,37.0,8.6,13.0,3.0,172.9,144.0,759.0,9.0,/cfb/schools/texas-am/2013.html,,,,,,
Johnny Manziel,21,QB,,,,5.0,,,,,,,,,,,,,,51.4,175.0,0.0,2.0,29.0,1.0
Teddy Bridgewater,21,QB,Louisville,32.0,2011,13.0,191.0,296.0,296.0,2129.0,14.0,4.7,12.0,4.1,132.4,89.0,66.0,4.0,/cfb/schools/louisville/2011.html,,,,,,
Teddy Bridgewater,21,QB,Louisville,32.0,2012,13.0,287.0,419.0,419.0,3718.0,27.0,6.4,8.0,1.9,160.5,74.0,26.0,1.0,/cfb/schools/louisville/2012.html,,,,,,
Teddy Bridgewater,21,QB,Louisville,32.0,2013,13.0,303.0,427.0,427.0,3970.0,31.0,7.3,4.0,0.9,171.1,63.0,78.0,1.0,/cfb/schools/louisville/2013.html,,,,,,
Teddy Bridgewater,21,QB,,,,13.0,,,,,,,,,,,,,,64.4,2919.0,14.0,12.0,209.0,1.0
Derek Carr,23,QB,Fresno St.,36.0,2009,5.0,10.0,14.0,14.0,112.0,0.0,0.0,0.0,0.0,138.6,1.0,0.0,0.0,/cfb/schools/fresno-state/2009.html,,,,,,
Derek Carr,23,QB,Fresno St.,36.0,2011,13.0,279.0,446.0,446.0,3544.0,26.0,5.8,9.0,2.0,144.5,57.0,72.0,3.0,/cfb/schools/fresno-state/2011.html,,,,,,
Derek Carr,23,QB,Fresno St.,36.0,2012,13.0,344.0,511.0,511.0,4104.0,37.0,7.2,7.0,1.4,155.9,66.0,1.0,0.0,/cfb/schools/fresno-state/2012.html,,,,,,
Derek Carr,23,QB,Fresno St.,36.0,2013,13.0,454.0,659.0,659.0,5083.0,50.0,7.6,8.0,1.2,156.3,40.0,117.0,2.0,/cfb/schools/fresno-state/2013.html,,,,,,
Derek Carr,23,QB,,,,16.0,,,,,,,,,,,,,,58.1,3270.0,21.0,12.0,92.0,0.0
Jimmy Garoppolo,22,QB,,,,6.0,,,,,,,,,,,,,,70.4,182.0,1.0,0.0,9.0,0.0
Logan Thomas,23,QB,Virginia Tech,120.0,2010,7.0,12.0,26.0,26.0,107.0,0.0,0.0,0.0,0.0,80.7,6.0,22.0,0.0,/cfb/schools/virginia-tech/2010.html,,,,,,
Logan Thomas,23,QB,Virginia Tech,120.0,2011,14.0,234.0,391.0,391.0,3013.0,19.0,4.9,10.0,2.6,135.5,153.0,469.0,11.0,/cfb/schools/virginia-tech/2011.html,,,,,,
Logan Thomas,23,QB,Virginia Tech,120.0,2012,13.0,220.0,429.0,429.0,2976.0,18.0,4.2,16.0,3.7,115.9,174.0,524.0,9.0,/cfb/schools/virginia-tech/2012.html,,,,,,
Logan Thomas,23,QB,Virginia Tech,120.0,2013,13.0,227.0,402.0,402.0,2907.0,15.0,3.7,13.0,3.2,123.1,162.0,344.0,4.0,/cfb/schools/virginia-tech/2013.html,,,,,,
Logan Thomas,23,QB,,,,,,,,,,,,,,,,,,,,,,,
Tom Savage,24,QB,Pittsburgh,135.0,2009,12.0,149.0,285.0,285.0,2211.0,14.0,4.9,7.0,2.5,128.7,59.0,-105.0,1.0,/cfb/schools/rutgers/2009.html,,,,,,
Tom Savage,24,QB,Pittsburgh,135.0,2010,6.0,43.0,83.0,83.0,521.0,2.0,2.4,3.0,3.6,105.3,32.0,-6.0,0.0,/cfb/schools/rutgers/2010.html,,,,,,
Tom Savage,24,QB,Pittsburgh,135.0,2013,13.0,238.0,389.0,389.0,2958.0,21.0,5.4,9.0,2.3,138.2,76.0,-208.0,3.0,/cfb/schools/pittsburgh/2013.html,,,,,,
Tom Savage,24,QB,,,,2.0,,,,,,,,,,,,,,52.6,127.0,0.0,1.0,-6.0,0.0
Aaron Murray,23,QB,Georgia,163.0,2010,13.0,209.0,342.0,342.0,3049.0,24.0,7.0,8.0,2.3,154.5,87.0,167.0,4.0,/cfb/schools/georgia/2010.html,,,,,,
Aaron Murray,23,QB,Georgia,163.0,2011,14.0,238.0,403.0,403.0,3149.0,35.0,8.7,14.0,3.5,146.4,87.0,111.0,2.0,/cfb/schools/georgia/2011.html,,,,,,
Aaron Murray,23,QB,Georgia,163.0,2012,14.0,249.0,386.0,386.0,3893.0,36.0,9.3,10.0,2.6,174.8,59.0,-68.0,3.0,/cfb/schools/georgia/2012.html,,,,,,
Aaron Murray,23,QB,Georgia,163.0,2013,11.0,225.0,347.0,347.0,3075.0,26.0,7.5,9.0,2.6,158.8,53.0,186.0,7.0,/cfb/schools/georgia/2013.html,,,,,,
Aaron Murray,23,QB,,,,,,,,,,,,,,,,,,,,,,,
A.J. McCarron,23,QB,Alabama,164.0,2010,13.0,30.0,48.0,48.0,389.0,3.0,6.3,0.0,0.0,151.2,6.0,-10.0,0.0,/cfb/schools/alabama/2010.html,,,,,,
A.J. McCarron,23,QB,Alabama,164.0,2011,13.0,219.0,328.0,328.0,2634.0,16.0,4.9,5.0,1.5,147.3,30.0,-22.0,2.0,/cfb/schools/alabama/2011.html,,,,,,
A.J. McCarron,23,QB,Alabama,164.0,2012,14.0,211.0,314.0,314.0,2933.0,30.0,9.6,3.0,1.0,175.3,49.0,4.0,1.0,/cfb/schools/alabama/2012.html,,,,,,
A.J. McCarron,23,QB,Alabama,164.0,2013,13.0,226.0,336.0,336.0,3063.0,28.0,8.3,7.0,2.1,167.2,34.0,-22.0,0.0,/cfb/schools/alabama/2013.html,,,,,,
A.J. McCarron,23,QB,,,,7.0,,,,,,,,,,,,,,66.4,854.0,6.0,2.0,31.0,0.0
Zach Mettenberger,23,QB,LSU,178.0,2011,5.0,8.0,11.0,11.0,92.0,1.0,9.1,0.0,0.0,173.0,2.0,28.0,0.0,/cfb/schools/louisiana-state/2011.html,,,,,,
Zach Mettenberger,23,QB,LSU,178.0,2012,13.0,207.0,352.0,352.0,2609.0,12.0,3.4,7.0,2.0,128.3,47.0,-208.0,0.0,/cfb/schools/louisiana-state/2012.html,,,,,,
Zach Mettenberger,23,QB,LSU,178.0,2013,12.0,192.0,296.0,296.0,3082.0,22.0,7.4,8.0,2.7,171.4,34.0,-133.0,0.0,/cfb/schools/louisiana-state/2013.html,,,,,,
Zach Mettenberger,23,QB,,,,7.0,,,,,,,,,,,,,,59.8,1412.0,8.0,7.0,4.0,0.0
David Fales,23,QB,San Jose St.,183.0,2012,13.0,327.0,451.0,451.0,4193.0,33.0,7.3,9.0,2.0,170.8,42.0,-139.0,0.0,/cfb/schools/san-jose-state/2012.html,,,,,,
David Fales,23,QB,San Jose St.,183.0,2013,12.0,312.0,487.0,487.0,4189.0,33.0,6.8,13.0,2.7,153.3,48.0,7.0,2.0,/cfb/schools/san-jose-state/2013.html,,,,,,
David Fales,23,QB,,,,1.0,,,,,,,,,,,,,,40.0,22.0,0.0,0.0,0.0,0.0
Keith Wenning,23,QB,Ball St.,194.0,2010,12.0,128.0,235.0,235.0,1373.0,14.0,6.0,14.0,6.0,111.3,32.0,-3.0,2.0,/cfb/schools/ball-state/2010.html,,,,,,
Keith Wenning,23,QB,Ball St.,194.0,2011,12.0,287.0,449.0,449.0,2786.0,19.0,4.2,11.0,2.4,125.1,57.0,182.0,3.0,/cfb/schools/ball-state/2011.html,,,,,,
Keith Wenning,23,QB,Ball St.,194.0,2012,12.0,301.0,460.0,460.0,3095.0,24.0,5.2,10.0,2.2,134.8,56.0,105.0,3.0,/cfb/schools/ball-state/2012.html,,,,,,
Keith Wenning,23,QB,Ball St.,194.0,2013,13.0,319.0,498.0,498.0,4148.0,35.0,7.0,7.0,1.4,154.4,45.0,44.0,5.0,/cfb/schools/ball-state/2013.html,,,,,,
Keith Wenning,23,QB,,,,,,,,,,,,,,,,,,,,,,,
Tajh Boyd,23,QB,Clemson,213.0,2010,7.0,33.0,63.0,63.0,329.0,4.0,6.3,3.0,4.8,107.7,23.0,33.0,1.0,/cfb/schools/clemson/2010.html,,,,,,
Tajh Boyd,23,QB,Clemson,213.0,2011,14.0,298.0,499.0,499.0,3828.0,33.0,6.6,12.0,2.4,141.2,142.0,218.0,5.0,/cfb/schools/clemson/2011.html,,,,,,
Tajh Boyd,23,QB,Clemson,213.0,2012,13.0,287.0,427.0,427.0,3896.0,36.0,8.4,13.0,3.0,165.6,186.0,514.0,10.0,/cfb/schools/clemson/2012.html,,,,,,
Tajh Boyd,23,QB,Clemson,213.0,2013,13.0,283.0,413.0,413.0,3851.0,34.0,8.2,11.0,2.7,168.7,154.0,400.0,10.0,/cfb/schools/clemson/2013.html,,,,,,
Tajh Boyd,23,QB,,,,,,,,,,,,,,,,,,,,,,,
Garrett Gilbert,23,QB,SMU,214.0,2009,10.0,30.0,66.0,66.0,310.0,2.0,3.0,4.0,6.1,82.8,11.0,5.0,1.0,/cfb/schools/texas/2009.html,,,,,,
Garrett Gilbert,23,QB,SMU,214.0,2010,12.0,260.0,441.0,441.0,2744.0,10.0,2.3,17.0,3.9,111.0,100.0,380.0,5.0,/cfb/schools/texas/2010.html,,,,,,
Garrett Gilbert,23,QB,SMU,214.0,2011,2.0,15.0,31.0,31.0,247.0,1.0,3.2,2.0,6.5,113.1,7.0,15.0,0.0,/cfb/schools/texas/2011.html,,,,,,
Garrett Gilbert,23,QB,SMU,214.0,2012,13.0,268.0,506.0,506.0,2932.0,15.0,3.0,15.0,3.0,105.5,94.0,346.0,8.0,/cfb/schools/southern-methodist/2012.html,,,,,,
Garrett Gilbert,23,QB,SMU,214.0,2013,10.0,335.0,504.0,504.0,3528.0,21.0,4.2,7.0,1.4,136.2,83.0,267.0,6.0,/cfb/schools/southern-methodist/2013.html,,,,,,
Garrett Gilbert,23,QB,,,,1.0,,,,,,,,,,,,,,66.7,40.0,0.0,0.0,-3.0,0.0
