name,age,position,school,draft_pick,season,games,rushATT,rushYDS,rushTDS,recs,recYDS,recTDS,collegeURL,rushingYDS,rushingTDS
C.J. Spiller,23,RB,Clemson,9.0,2006*,13.0,129.0,938.0,10.0,19.0,210.0,2.0,/cfb/schools/clemson/2006.html,,
C.J. Spiller,23,RB,Clemson,9.0,2007*,13.0,145.0,768.0,3.0,34.0,271.0,2.0,/cfb/schools/clemson/2007.html,,
C.J. Spiller,23,RB,Clemson,9.0,2008*,12.0,116.0,629.0,7.0,34.0,436.0,3.0,/cfb/schools/clemson/2008.html,,
C.J. Spiller,23,RB,Clemson,9.0,2009*,14.0,216.0,1212.0,12.0,36.0,503.0,4.0,/cfb/schools/clemson/2009.html,,
C.J. Spiller,23,RB,,,,14.0,,,,24.0,157.0,1.0,,283.0,0.0
Ryan Mathews,22,RB,Fresno St.,12.0,2007*,11.0,145.0,866.0,14.0,0.0,0.0,0.0,/cfb/schools/fresno-state/2007.html,,
Ryan Mathews,22,RB,Fresno St.,12.0,2008*,8.0,113.0,606.0,6.0,8.0,146.0,2.0,/cfb/schools/fresno-state/2008.html,,
Ryan Mathews,22,RB,Fresno St.,12.0,2009*,12.0,276.0,1808.0,19.0,11.0,122.0,0.0,/cfb/schools/fresno-state/2009.html,,
Ryan Mathews,22,RB,,,,12.0,,,,22.0,145.0,0.0,,678.0,7.0
Jahvid Best,21,RB,California,30.0,2007*,10.0,29.0,221.0,2.0,13.0,74.0,1.0,/cfb/schools/california/2007.html,,
Jahvid Best,21,RB,California,30.0,2008*,12.0,194.0,1580.0,15.0,27.0,246.0,1.0,/cfb/schools/california/2008.html,,
Jahvid Best,21,RB,California,30.0,2009*,9.0,141.0,867.0,12.0,22.0,213.0,4.0,/cfb/schools/california/2009.html,,
Jahvid Best,21,RB,,,,16.0,,,,58.0,487.0,2.0,,555.0,4.0
Toby Gerhart,23,RB,Stanford,51.0,2006,12.0,106.0,375.0,0.0,15.0,124.0,0.0,/cfb/schools/stanford/2006.html,,
Toby Gerhart,23,RB,Stanford,51.0,2007,1.0,12.0,140.0,1.0,0.0,0.0,0.0,/cfb/schools/stanford/2007.html,,
Toby Gerhart,23,RB,Stanford,51.0,2008,12.0,210.0,1136.0,15.0,13.0,114.0,0.0,/cfb/schools/stanford/2008.html,,
Toby Gerhart,23,RB,Stanford,51.0,2009*,13.0,343.0,1871.0,28.0,11.0,157.0,0.0,/cfb/schools/stanford/2009.html,,
Toby Gerhart,23,RB,,,,15.0,,,,21.0,167.0,0.0,,322.0,1.0
Ben Tate,22,RB,Auburn,58.0,2006*,9.0,54.0,392.0,3.0,2.0,-3.0,0.0,/cfb/schools/auburn/2006.html,,
Ben Tate,22,RB,Auburn,58.0,2007*,13.0,202.0,903.0,8.0,16.0,144.0,0.0,/cfb/schools/auburn/2007.html,,
Ben Tate,22,RB,Auburn,58.0,2008,12.0,159.0,664.0,3.0,15.0,90.0,0.0,/cfb/schools/auburn/2008.html,,
Ben Tate,22,RB,Auburn,58.0,2009*,13.0,263.0,1362.0,10.0,20.0,105.0,0.0,/cfb/schools/auburn/2009.html,,
Ben Tate,22,RB,,,,15.0,,,,13.0,98.0,0.0,,942.0,4.0
Montario Hardesty,23,RB,Tennessee,59.0,2005,2.0,6.0,18.0,0.0,0.0,0.0,0.0,/cfb/schools/tennessee/2005.html,,
Montario Hardesty,23,RB,Tennessee,59.0,2006*,13.0,107.0,384.0,4.0,6.0,54.0,0.0,/cfb/schools/tennessee/2006.html,,
Montario Hardesty,23,RB,Tennessee,59.0,2007*,10.0,89.0,373.0,3.0,3.0,25.0,0.0,/cfb/schools/tennessee/2007.html,,
Montario Hardesty,23,RB,Tennessee,59.0,2008,11.0,76.0,271.0,6.0,4.0,24.0,0.0,/cfb/schools/tennessee/2008.html,,
Montario Hardesty,23,RB,Tennessee,59.0,2009*,13.0,282.0,1345.0,13.0,25.0,302.0,1.0,/cfb/schools/tennessee/2009.html,,
Montario Hardesty,23,RB,,,,10.0,,,,14.0,122.0,0.0,,266.0,0.0
Joe McKnight,22,RB,USC,112.0,2007*,13.0,94.0,540.0,3.0,23.0,203.0,1.0,/cfb/schools/southern-california/2007.html,,
Joe McKnight,22,RB,USC,112.0,2008*,11.0,89.0,659.0,2.0,21.0,193.0,1.0,/cfb/schools/southern-california/2008.html,,
Joe McKnight,22,RB,USC,112.0,2009*,12.0,164.0,1014.0,8.0,22.0,146.0,0.0,/cfb/schools/southern-california/2009.html,,
Joe McKnight,22,RB,,,,9.0,,,,3.0,20.0,0.0,,189.0,0.0
John Conner,23,RB,Kentucky,139.0,2006*,12.0,2.0,5.0,0.0,2.0,21.0,1.0,/cfb/schools/kentucky/2006.html,,
John Conner,23,RB,Kentucky,139.0,2007*,13.0,6.0,37.0,2.0,7.0,37.0,2.0,/cfb/schools/kentucky/2007.html,,
John Conner,23,RB,Kentucky,139.0,2008*,13.0,15.0,47.0,0.0,11.0,89.0,0.0,/cfb/schools/kentucky/2008.html,,
John Conner,23,RB,Kentucky,139.0,2009*,12.0,31.0,158.0,2.0,5.0,46.0,1.0,/cfb/schools/kentucky/2009.html,,
John Conner,23,RB,,,,16.0,,,,2.0,9.0,0.0,,44.0,1.0
Anthony Dixon,22,RB,Mississippi St.,173.0,2006,12.0,169.0,668.0,9.0,4.0,42.0,0.0,/cfb/schools/mississippi-state/2006.html,,
Anthony Dixon,22,RB,Mississippi St.,173.0,2007*,13.0,287.0,1066.0,14.0,14.0,167.0,2.0,/cfb/schools/mississippi-state/2007.html,,
Anthony Dixon,22,RB,Mississippi St.,173.0,2008,12.0,197.0,869.0,7.0,20.0,117.0,2.0,/cfb/schools/mississippi-state/2008.html,,
Anthony Dixon,22,RB,Mississippi St.,173.0,2009,11.0,257.0,1391.0,12.0,18.0,123.0,0.0,/cfb/schools/mississippi-state/2009.html,,
Anthony Dixon,22,RB,,,,16.0,,,,5.0,11.0,0.0,,237.0,2.0
Deji Karim,23,RB,Southern Illinois,180.0,2007*,13.0,4.0,17.0,0.0,37.0,537.0,4.0,/cfb/schools/south-florida/2007.html,,
Deji Karim,23,RB,Southern Illinois,180.0,2008*,13.0,1.0,7.0,0.0,28.0,405.0,1.0,/cfb/schools/south-florida/2008.html,,
Deji Karim,23,RB,Southern Illinois,180.0,2009*,11.0,0.0,0.0,0.0,40.0,706.0,4.0,/cfb/schools/south-florida/2009.html,,
Deji Karim,23,RB,,,,11.0,,,,3.0,10.0,0.0,,160.0,0.0
Jonathan Dwyer,21,RB,Georgia Tech,188.0,2007*,13.0,82.0,436.0,9.0,2.0,17.0,0.0,/cfb/schools/georgia-tech/2007.html,,
Jonathan Dwyer,21,RB,Georgia Tech,188.0,2008*,13.0,200.0,1395.0,12.0,8.0,209.0,1.0,/cfb/schools/georgia-tech/2008.html,,
Jonathan Dwyer,21,RB,Georgia Tech,188.0,2009*,14.0,235.0,1395.0,14.0,5.0,37.0,0.0,/cfb/schools/georgia-tech/2009.html,,
Jonathan Dwyer,21,RB,,,,1.0,,,,0.0,0.0,0.0,,28.0,0.0
James Starks,24,RB,Buffalo,193.0,2006,12.0,175.0,704.0,6.0,34.0,226.0,0.0,/cfb/schools/buffalo/2006.html,,
James Starks,24,RB,Buffalo,193.0,2007,12.0,251.0,1103.0,12.0,41.0,311.0,2.0,/cfb/schools/buffalo/2007.html,,
James Starks,24,RB,Buffalo,193.0,2008*,12.0,272.0,1333.0,16.0,52.0,361.0,1.0,/cfb/schools/buffalo/2008.html,,
James Starks,24,RB,,,,3.0,,,,2.0,15.0,0.0,,101.0,0.0
Ryan D'Imperio,23,RB,,,,,,,,,,,,,
Mark Ingram,21,RB,Alabama,28.0,2008*,14.0,143.0,728.0,12.0,7.0,54.0,0.0,/cfb/schools/alabama/2008.html,,
Mark Ingram,21,RB,Alabama,28.0,2009*,14.0,271.0,1658.0,17.0,32.0,334.0,3.0,/cfb/schools/alabama/2009.html,,
Mark Ingram,21,RB,Alabama,28.0,2010*,11.0,158.0,875.0,13.0,21.0,282.0,1.0,/cfb/schools/alabama/2010.html,,
Mark Ingram,21,RB,,,,10.0,,,,11.0,46.0,0.0,,474.0,5.0
Ryan Williams,21,RB,Virginia Tech,38.0,2009*,13.0,293.0,1655.0,21.0,16.0,180.0,1.0,/cfb/schools/virginia-tech/2009.html,,
Ryan Williams,21,RB,Virginia Tech,38.0,2010*,10.0,110.0,477.0,9.0,10.0,109.0,1.0,/cfb/schools/virginia-tech/2010.html,,
Ryan Williams,21,RB,,,,5.0,,,,7.0,44.0,0.0,,164.0,0.0
Shane Vereen,22,RB,California,56.0,2008*,13.0,142.0,715.0,4.0,27.0,221.0,1.0,/cfb/schools/california/2008.html,,
Shane Vereen,22,RB,California,56.0,2009*,13.0,183.0,952.0,12.0,25.0,244.0,2.0,/cfb/schools/california/2009.html,,
Shane Vereen,22,RB,California,56.0,2010,12.0,231.0,1167.0,13.0,22.0,209.0,3.0,/cfb/schools/california/2010.html,,
Shane Vereen,22,RB,,,,5.0,,,,0.0,0.0,0.0,,57.0,1.0
Mikel Leshoure,21,RB,Illinois,57.0,2008,9.0,35.0,126.0,1.0,6.0,66.0,0.0,/cfb/schools/illinois/2008.html,,
Mikel Leshoure,21,RB,Illinois,57.0,2009,11.0,108.0,734.0,5.0,14.0,177.0,2.0,/cfb/schools/illinois/2009.html,,
Mikel Leshoure,21,RB,Illinois,57.0,2010*,13.0,281.0,1697.0,17.0,17.0,196.0,3.0,/cfb/schools/illinois/2010.html,,
Mikel Leshoure,21,RB,,,,14.0,,,,34.0,214.0,0.0,,798.0,9.0
Daniel Thomas,23,RB,Kansas St.,62.0,2009,12.0,247.0,1265.0,11.0,25.0,257.0,0.0,/cfb/schools/kansas-state/2009.html,,
Daniel Thomas,23,RB,Kansas St.,62.0,2010*,13.0,298.0,1585.0,19.0,27.0,171.0,0.0,/cfb/schools/kansas-state/2010.html,,
Daniel Thomas,23,RB,,,,13.0,,,,12.0,72.0,1.0,,581.0,0.0
DeMarco Murray,23,RB,Oklahoma,71.0,2007*,11.0,127.0,764.0,13.0,14.0,60.0,0.0,/cfb/schools/oklahoma/2007.html,,
DeMarco Murray,23,RB,Oklahoma,71.0,2008*,13.0,179.0,1002.0,14.0,31.0,395.0,4.0,/cfb/schools/oklahoma/2008.html,,
DeMarco Murray,23,RB,Oklahoma,71.0,2009*,12.0,171.0,705.0,8.0,41.0,522.0,4.0,/cfb/schools/oklahoma/2009.html,,
DeMarco Murray,23,RB,Oklahoma,71.0,2010*,14.0,282.0,1214.0,15.0,71.0,594.0,5.0,/cfb/schools/oklahoma/2010.html,,
DeMarco Murray,23,RB,,,,13.0,,,,26.0,183.0,0.0,,897.0,2.0
Stevan Ridley,22,RB,LSU,73.0,2008*,13.0,12.0,92.0,1.0,0.0,0.0,0.0,/cfb/schools/louisiana-state/2008.html,,
Stevan Ridley,22,RB,LSU,73.0,2009*,13.0,45.0,180.0,3.0,6.0,33.0,0.0,/cfb/schools/louisiana-state/2009.html,,
Stevan Ridley,22,RB,LSU,73.0,2010*,13.0,249.0,1147.0,15.0,11.0,61.0,0.0,/cfb/schools/louisiana-state/2010.html,,
Stevan Ridley,22,RB,,,,16.0,,,,3.0,13.0,0.0,,441.0,1.0
Alex Green,23,RB,Hawaii,96.0,2009,13.0,86.0,453.0,2.0,11.0,98.0,1.0,/cfb/schools/hawaii/2009.html,,
Alex Green,23,RB,Hawaii,96.0,2010*,14.0,146.0,1199.0,18.0,27.0,363.0,1.0,/cfb/schools/hawaii/2010.html,,
Alex Green,23,RB,,,,4.0,,,,1.0,6.0,0.0,,11.0,0.0
Roy Helu,22,RB,Nebraska,105.0,2007,7.0,45.0,209.0,0.0,5.0,40.0,0.0,/cfb/schools/nebraska/2007.html,,
Roy Helu,22,RB,Nebraska,105.0,2008*,13.0,125.0,803.0,7.0,25.0,266.0,0.0,/cfb/schools/nebraska/2008.html,,
Roy Helu,22,RB,Nebraska,105.0,2009*,14.0,220.0,1147.0,10.0,19.0,149.0,0.0,/cfb/schools/nebraska/2009.html,,
Roy Helu,22,RB,Nebraska,105.0,2010*,14.0,188.0,1245.0,11.0,5.0,46.0,0.0,/cfb/schools/nebraska/2010.html,,
Roy Helu,22,RB,,,,15.0,,,,49.0,379.0,1.0,,640.0,2.0
Kendall Hunter,22,RB,Oklahoma St.,115.0,2007*,12.0,107.0,696.0,4.0,10.0,137.0,1.0,/cfb/schools/oklahoma-state/2007.html,,
Kendall Hunter,22,RB,Oklahoma St.,115.0,2008*,13.0,241.0,1555.0,16.0,22.0,198.0,1.0,/cfb/schools/oklahoma-state/2008.html,,
Kendall Hunter,22,RB,Oklahoma St.,115.0,2009*,8.0,89.0,382.0,1.0,11.0,83.0,0.0,/cfb/schools/oklahoma-state/2009.html,,
Kendall Hunter,22,RB,Oklahoma St.,115.0,2010*,13.0,271.0,1548.0,16.0,20.0,101.0,0.0,/cfb/schools/oklahoma-state/2010.html,,
Kendall Hunter,22,RB,,,,16.0,,,,16.0,195.0,0.0,,473.0,2.0
Delone Carter,24,RB,Syracuse,119.0,2006,12.0,156.0,713.0,4.0,9.0,46.0,0.0,/cfb/schools/syracuse/2006.html,,
Delone Carter,24,RB,Syracuse,119.0,2008,5.0,23.0,137.0,0.0,0.0,0.0,0.0,/cfb/schools/syracuse/2008.html,,
Delone Carter,24,RB,Syracuse,119.0,2009,12.0,236.0,1021.0,11.0,11.0,117.0,1.0,/cfb/schools/syracuse/2009.html,,
Delone Carter,24,RB,Syracuse,119.0,2010*,13.0,231.0,1233.0,9.0,8.0,45.0,0.0,/cfb/schools/syracuse/2010.html,,
Delone Carter,24,RB,,,,16.0,,,,5.0,18.0,0.0,,377.0,2.0
Owen Marecic,22,RB,Stanford,124.0,2007,12.0,5.0,6.0,0.0,4.0,26.0,0.0,/cfb/schools/stanford/2007.html,,
Owen Marecic,22,RB,Stanford,124.0,2008,11.0,0.0,0.0,0.0,4.0,25.0,0.0,/cfb/schools/stanford/2008.html,,
Owen Marecic,22,RB,Stanford,124.0,2009*,13.0,8.0,15.0,4.0,8.0,132.0,1.0,/cfb/schools/stanford/2009.html,,
Owen Marecic,22,RB,Stanford,124.0,2010*,13.0,23.0,46.0,5.0,9.0,75.0,0.0,/cfb/schools/stanford/2010.html,,
Owen Marecic,22,RB,,,,,,,,,,,,,
Taiwan Jones,23,RB,Eastern Washington,125.0,2007,12.0,5.0,6.0,0.0,4.0,26.0,0.0,/cfb/schools/stanford/2007.html,,
Taiwan Jones,23,RB,Eastern Washington,125.0,2008,11.0,0.0,0.0,0.0,4.0,25.0,0.0,/cfb/schools/stanford/2008.html,,
Taiwan Jones,23,RB,Eastern Washington,125.0,2009*,13.0,8.0,15.0,4.0,8.0,132.0,1.0,/cfb/schools/stanford/2009.html,,
Taiwan Jones,23,RB,Eastern Washington,125.0,2010*,13.0,23.0,46.0,5.0,9.0,75.0,0.0,/cfb/schools/stanford/2010.html,,
Taiwan Jones,23,RB,,,,10.0,,,,2.0,25.0,0.0,,73.0,0.0
Bilal Powell,22,RB,Louisville,126.0,2007,8.0,24.0,187.0,2.0,3.0,25.0,0.0,/cfb/schools/louisville/2007.html,,
Bilal Powell,22,RB,Louisville,126.0,2008,11.0,75.0,354.0,2.0,12.0,58.0,0.0,/cfb/schools/louisville/2008.html,,
Bilal Powell,22,RB,Louisville,126.0,2009,11.0,108.0,392.0,4.0,12.0,103.0,0.0,/cfb/schools/louisville/2009.html,,
Bilal Powell,22,RB,Louisville,126.0,2010*,12.0,229.0,1405.0,11.0,18.0,158.0,3.0,/cfb/schools/louisville/2010.html,,
Bilal Powell,22,RB,,,,2.0,,,,1.0,7.0,0.0,,21.0,0.0
Jamie Harper,21,RB,Clemson,130.0,2008*,12.0,34.0,133.0,1.0,4.0,21.0,0.0,/cfb/schools/clemson/2008.html,,
Jamie Harper,21,RB,Clemson,130.0,2009*,14.0,80.0,418.0,4.0,11.0,49.0,0.0,/cfb/schools/clemson/2009.html,,
Jamie Harper,21,RB,Clemson,130.0,2010*,13.0,197.0,760.0,7.0,35.0,328.0,3.0,/cfb/schools/clemson/2010.html,,
Jamie Harper,21,RB,,,,13.0,,,,4.0,32.0,0.0,,44.0,1.0
Johnny White,23,RB,North Carolina,133.0,2007,12.0,95.0,399.0,0.0,15.0,159.0,0.0,/cfb/schools/north-carolina/2007.html,,
Johnny White,23,RB,North Carolina,133.0,2008*,12.0,2.0,0.0,0.0,1.0,-3.0,0.0,/cfb/schools/north-carolina/2008.html,,
Johnny White,23,RB,North Carolina,133.0,2009*,13.0,19.0,143.0,1.0,7.0,66.0,1.0,/cfb/schools/north-carolina/2009.html,,
Johnny White,23,RB,North Carolina,133.0,2010*,9.0,130.0,720.0,7.0,24.0,288.0,0.0,/cfb/schools/north-carolina/2010.html,,
Johnny White,23,RB,,,,12.0,,,,1.0,-3.0,0.0,,38.0,0.0
Anthony Sherman,22,RB,Connecticut,136.0,2007*,13.0,6.0,18.0,0.0,2.0,9.0,0.0,/cfb/schools/connecticut/2007.html,,
Anthony Sherman,22,RB,Connecticut,136.0,2008*,13.0,6.0,39.0,0.0,26.0,270.0,0.0,/cfb/schools/connecticut/2008.html,,
Anthony Sherman,22,RB,Connecticut,136.0,2009*,13.0,1.0,3.0,0.0,9.0,71.0,0.0,/cfb/schools/connecticut/2009.html,,
Anthony Sherman,22,RB,Connecticut,136.0,2010*,12.0,4.0,1.0,0.0,11.0,127.0,1.0,/cfb/schools/connecticut/2010.html,,
Anthony Sherman,22,RB,,,,,,,,,,,,,
Jacquizz Rodgers,21,RB,Oregon St.,145.0,2008*,11.0,259.0,1253.0,11.0,29.0,247.0,1.0,/cfb/schools/oregon-state/2008.html,,
Jacquizz Rodgers,21,RB,Oregon St.,145.0,2009*,13.0,273.0,1440.0,21.0,78.0,522.0,1.0,/cfb/schools/oregon-state/2009.html,,
Jacquizz Rodgers,21,RB,Oregon St.,145.0,2010,12.0,256.0,1184.0,14.0,44.0,287.0,3.0,/cfb/schools/oregon-state/2010.html,,
Jacquizz Rodgers,21,RB,,,,16.0,,,,21.0,188.0,1.0,,205.0,1.0
Dion Lewis,20,RB,Pittsburgh,149.0,2009*,13.0,325.0,1799.0,17.0,25.0,189.0,1.0,/cfb/schools/pittsburgh/2009.html,,
Dion Lewis,20,RB,Pittsburgh,149.0,2010*,12.0,219.0,1061.0,13.0,27.0,216.0,0.0,/cfb/schools/pittsburgh/2010.html,,
Dion Lewis,20,RB,,,,15.0,,,,1.0,-3.0,0.0,,102.0,1.0
Evan Royster,23,RB,Penn St.,177.0,2007*,11.0,82.0,513.0,5.0,3.0,18.0,0.0,/cfb/schools/penn-state/2007.html,,
Evan Royster,23,RB,Penn St.,177.0,2008*,13.0,191.0,1236.0,12.0,17.0,155.0,0.0,/cfb/schools/penn-state/2008.html,,
Evan Royster,23,RB,Penn St.,177.0,2009*,13.0,205.0,1169.0,6.0,16.0,187.0,2.0,/cfb/schools/penn-state/2009.html,,
Evan Royster,23,RB,Penn St.,177.0,2010*,13.0,208.0,1014.0,6.0,25.0,202.0,1.0,/cfb/schools/penn-state/2010.html,,
Evan Royster,23,RB,,,,6.0,,,,9.0,68.0,0.0,,328.0,0.0
Jordan Todman,21,RB,Connecticut,183.0,2008*,12.0,47.0,296.0,3.0,2.0,4.0,0.0,/cfb/schools/connecticut/2008.html,,
Jordan Todman,21,RB,Connecticut,183.0,2009*,13.0,235.0,1188.0,14.0,21.0,185.0,0.0,/cfb/schools/connecticut/2009.html,,
Jordan Todman,21,RB,Connecticut,183.0,2010*,12.0,334.0,1695.0,14.0,19.0,94.0,0.0,/cfb/schools/connecticut/2010.html,,
Jordan Todman,21,RB,,,,1.0,,,,1.0,0.0,0.0,,8.0,0.0
Allen Bradford,23,RB,USC,187.0,2006*,12.0,13.0,42.0,1.0,3.0,33.0,1.0,/cfb/schools/southern-california/2006.html,,
Allen Bradford,23,RB,USC,187.0,2007*,12.0,15.0,24.0,1.0,3.0,23.0,2.0,/cfb/schools/southern-california/2007.html,,
Allen Bradford,23,RB,USC,187.0,2008*,3.0,14.0,57.0,1.0,4.0,44.0,0.0,/cfb/schools/southern-california/2008.html,,
Allen Bradford,23,RB,USC,187.0,2009*,13.0,115.0,668.0,8.0,1.0,2.0,0.0,/cfb/schools/southern-california/2009.html,,
Allen Bradford,23,RB,USC,187.0,2010,12.0,110.0,794.0,5.0,3.0,74.0,1.0,/cfb/schools/southern-california/2010.html,,
Allen Bradford,23,RB,,,,1.0,,,,0.0,0.0,0.0,,13.0,0.0
Shaun Chapas,23,RB,Georgia,220.0,2007*,13.0,11.0,41.0,0.0,3.0,22.0,0.0,/cfb/schools/georgia/2007.html,,
Shaun Chapas,23,RB,Georgia,220.0,2008*,13.0,7.0,25.0,0.0,9.0,120.0,1.0,/cfb/schools/georgia/2008.html,,
Shaun Chapas,23,RB,Georgia,220.0,2009*,12.0,7.0,45.0,1.0,9.0,50.0,1.0,/cfb/schools/georgia/2009.html,,
Shaun Chapas,23,RB,Georgia,220.0,2010*,11.0,15.0,44.0,2.0,5.0,29.0,2.0,/cfb/schools/georgia/2010.html,,
Shaun Chapas,23,RB,,,,,,,,,,,,,
Da'Rel Scott,23,RB,Maryland,221.0,2007*,9.0,14.0,135.0,0.0,1.0,57.0,1.0,/cfb/schools/maryland/2007.html,,
Da'Rel Scott,23,RB,Maryland,221.0,2008*,12.0,209.0,1133.0,8.0,21.0,171.0,0.0,/cfb/schools/maryland/2008.html,,
Da'Rel Scott,23,RB,Maryland,221.0,2009,7.0,85.0,425.0,4.0,12.0,111.0,0.0,/cfb/schools/maryland/2009.html,,
Da'Rel Scott,23,RB,Maryland,221.0,2010*,13.0,122.0,708.0,5.0,14.0,170.0,3.0,/cfb/schools/maryland/2010.html,,
Da'Rel Scott,23,RB,,,,11.0,,,,2.0,13.0,0.0,,16.0,0.0
Shane Bannon,22,RB,Yale,223.0,2007*,9.0,14.0,135.0,0.0,1.0,57.0,1.0,/cfb/schools/maryland/2007.html,,
Shane Bannon,22,RB,Yale,223.0,2008*,12.0,209.0,1133.0,8.0,21.0,171.0,0.0,/cfb/schools/maryland/2008.html,,
Shane Bannon,22,RB,Yale,223.0,2009,7.0,85.0,425.0,4.0,12.0,111.0,0.0,/cfb/schools/maryland/2009.html,,
Shane Bannon,22,RB,Yale,223.0,2010*,13.0,122.0,708.0,5.0,14.0,170.0,3.0,/cfb/schools/maryland/2010.html,,
Shane Bannon,22,RB,,,,,,,,,,,,,
Anthony Allen,23,RB,Georgia Tech,225.0,2006*,13.0,96.0,406.0,13.0,4.0,48.0,1.0,/cfb/schools/louisville/2006.html,,
Anthony Allen,23,RB,Georgia Tech,225.0,2007,12.0,146.0,696.0,7.0,21.0,153.0,2.0,/cfb/schools/louisville/2007.html,,
Anthony Allen,23,RB,Georgia Tech,225.0,2009*,14.0,64.0,618.0,6.0,5.0,112.0,1.0,/cfb/schools/georgia-tech/2009.html,,
Anthony Allen,23,RB,Georgia Tech,225.0,2010*,13.0,240.0,1316.0,7.0,3.0,88.0,1.0,/cfb/schools/georgia-tech/2010.html,,
Anthony Allen,23,RB,,,,5.0,,,,0.0,0.0,0.0,,8.0,0.0
Baron Batch,23,RB,Texas Tech,232.0,2006*,6.0,9.0,43.0,1.0,6.0,41.0,0.0,/cfb/schools/texas-tech/2006.html,,
Baron Batch,23,RB,Texas Tech,232.0,2008*,13.0,113.0,758.0,7.0,45.0,449.0,1.0,/cfb/schools/texas-tech/2008.html,,
Baron Batch,23,RB,Texas Tech,232.0,2009*,13.0,168.0,884.0,14.0,57.0,395.0,1.0,/cfb/schools/texas-tech/2009.html,,
Baron Batch,23,RB,Texas Tech,232.0,2010*,13.0,177.0,816.0,5.0,32.0,226.0,3.0,/cfb/schools/texas-tech/2010.html,,
Baron Batch,23,RB,,,,12.0,,,,4.0,31.0,0.0,,49.0,1.0
Stanley Havili,23,RB,USC,240.0,2006*,3.0,0.0,0.0,0.0,4.0,24.0,0.0,/cfb/schools/southern-california/2006.html,,
Stanley Havili,23,RB,USC,240.0,2007*,13.0,21.0,134.0,2.0,34.0,248.0,5.0,/cfb/schools/southern-california/2007.html,,
Stanley Havili,23,RB,USC,240.0,2008*,12.0,13.0,71.0,0.0,24.0,324.0,3.0,/cfb/schools/southern-california/2008.html,,
Stanley Havili,23,RB,USC,240.0,2009*,11.0,21.0,138.0,0.0,22.0,298.0,2.0,/cfb/schools/southern-california/2009.html,,
Stanley Havili,23,RB,USC,240.0,2010,13.0,26.0,166.0,1.0,32.0,396.0,2.0,/cfb/schools/southern-california/2010.html,,
Stanley Havili,23,RB,,,,,,,,,,,,,
Jay Finley,23,RB,Baylor,246.0,2007,12.0,55.0,207.0,2.0,18.0,152.0,1.0,/cfb/schools/baylor/2007.html,,
Jay Finley,23,RB,Baylor,246.0,2008,12.0,149.0,865.0,7.0,7.0,141.0,2.0,/cfb/schools/baylor/2008.html,,
Jay Finley,23,RB,Baylor,246.0,2009,9.0,79.0,370.0,1.0,6.0,47.0,0.0,/cfb/schools/baylor/2009.html,,
Jay Finley,23,RB,Baylor,246.0,2010*,13.0,195.0,1218.0,12.0,9.0,76.0,0.0,/cfb/schools/baylor/2010.html,,
Jay Finley,23,RB,,,,,,,,,,,,,
Trent Richardson,22,RB,Alabama,3.0,2009*,14.0,145.0,751.0,8.0,16.0,126.0,0.0,/cfb/schools/alabama/2009.html,,
Trent Richardson,22,RB,Alabama,3.0,2010*,11.0,112.0,700.0,6.0,23.0,266.0,4.0,/cfb/schools/alabama/2010.html,,
Trent Richardson,22,RB,Alabama,3.0,2011*,13.0,283.0,1679.0,21.0,29.0,338.0,3.0,/cfb/schools/alabama/2011.html,,
Trent Richardson,22,RB,,,,15.0,,,,51.0,367.0,1.0,,950.0,11.0
Doug Martin,23,RB,Boise St.,31.0,2007*,1.0,0.0,0.0,0.0,0.0,0.0,0.0,/cfb/schools/boise-state/2007.html,,
Doug Martin,23,RB,Boise St.,31.0,2008*,11.0,24.0,107.0,0.0,3.0,54.0,0.0,/cfb/schools/boise-state/2008.html,,
Doug Martin,23,RB,Boise St.,31.0,2009*,14.0,129.0,765.0,15.0,8.0,68.0,0.0,/cfb/schools/boise-state/2009.html,,
Doug Martin,23,RB,Boise St.,31.0,2010*,13.0,201.0,1260.0,12.0,28.0,338.0,2.0,/cfb/schools/boise-state/2010.html,,
Doug Martin,23,RB,Boise St.,31.0,2011*,13.0,263.0,1299.0,16.0,28.0,255.0,2.0,/cfb/schools/boise-state/2011.html,,
Doug Martin,23,RB,,,,16.0,,,,49.0,472.0,1.0,,1454.0,11.0
David Wilson,21,RB,Virginia Tech,32.0,2009*,13.0,59.0,334.0,4.0,0.0,0.0,0.0,/cfb/schools/virginia-tech/2009.html,,
David Wilson,21,RB,Virginia Tech,32.0,2010*,13.0,113.0,619.0,5.0,15.0,234.0,4.0,/cfb/schools/virginia-tech/2010.html,,
David Wilson,21,RB,Virginia Tech,32.0,2011*,14.0,290.0,1709.0,9.0,22.0,129.0,1.0,/cfb/schools/virginia-tech/2011.html,,
David Wilson,21,RB,,,,16.0,,,,4.0,34.0,1.0,,358.0,4.0
Isaiah Pead,22,RB,Cincinnati,50.0,2008*,7.0,30.0,194.0,0.0,2.0,11.0,0.0,/cfb/schools/cincinnati/2008.html,,
Isaiah Pead,22,RB,Cincinnati,50.0,2009*,13.0,121.0,806.0,9.0,20.0,201.0,2.0,/cfb/schools/cincinnati/2009.html,,
Isaiah Pead,22,RB,Cincinnati,50.0,2010,11.0,157.0,1029.0,6.0,26.0,190.0,1.0,/cfb/schools/cincinnati/2010.html,,
Isaiah Pead,22,RB,Cincinnati,50.0,2011*,13.0,237.0,1259.0,12.0,39.0,319.0,3.0,/cfb/schools/cincinnati/2011.html,,
Isaiah Pead,22,RB,,,,15.0,,,,3.0,16.0,0.0,,54.0,0.0
LaMichael James,22,RB,Oregon,61.0,2009*,13.0,230.0,1546.0,14.0,17.0,168.0,0.0,/cfb/schools/oregon/2009.html,,
LaMichael James,22,RB,Oregon,61.0,2010*,12.0,294.0,1731.0,21.0,17.0,208.0,3.0,/cfb/schools/oregon/2010.html,,
LaMichael James,22,RB,Oregon,61.0,2011*,12.0,247.0,1805.0,18.0,17.0,210.0,1.0,/cfb/schools/oregon/2011.html,,
LaMichael James,22,RB,,,,4.0,,,,3.0,29.0,0.0,,125.0,0.0
Ronnie Hillman,20,RB,San Diego St.,67.0,2010*,13.0,262.0,1532.0,17.0,9.0,68.0,1.0,/cfb/schools/san-diego-state/2010.html,,
Ronnie Hillman,20,RB,San Diego St.,67.0,2011*,13.0,311.0,1711.0,19.0,24.0,270.0,1.0,/cfb/schools/san-diego-state/2011.html,,
Ronnie Hillman,20,RB,,,,14.0,,,,10.0,62.0,0.0,,330.0,1.0
Bernard Pierce,21,RB,Temple,84.0,2009*,12.0,236.0,1361.0,16.0,8.0,39.0,0.0,/cfb/schools/temple/2009.html,,
Bernard Pierce,21,RB,Temple,84.0,2010,10.0,154.0,728.0,10.0,8.0,87.0,1.0,/cfb/schools/temple/2010.html,,
Bernard Pierce,21,RB,Temple,84.0,2011*,12.0,273.0,1481.0,27.0,3.0,52.0,0.0,/cfb/schools/temple/2011.html,,
Bernard Pierce,21,RB,,,,16.0,,,,7.0,47.0,0.0,,532.0,1.0
Lamar Miller,21,RB,Miami (FL),97.0,2010*,11.0,108.0,646.0,6.0,11.0,96.0,0.0,/cfb/schools/miami-fl/2010.html,,
Lamar Miller,21,RB,Miami (FL),97.0,2011,12.0,227.0,1272.0,9.0,17.0,85.0,1.0,/cfb/schools/miami-fl/2011.html,,
Lamar Miller,21,RB,,,,13.0,,,,6.0,45.0,0.0,,250.0,1.0
Robert Turbin,22,RB,Utah St.,106.0,2007,1.0,3.0,17.0,0.0,0.0,0.0,0.0,/cfb/schools/utah-state/2007.html,,
Robert Turbin,22,RB,Utah St.,106.0,2008,12.0,106.0,485.0,8.0,20.0,256.0,2.0,/cfb/schools/utah-state/2008.html,,
Robert Turbin,22,RB,Utah St.,106.0,2009,12.0,207.0,1296.0,13.0,30.0,418.0,5.0,/cfb/schools/utah-state/2009.html,,
Robert Turbin,22,RB,Utah St.,106.0,2011*,13.0,249.0,1517.0,19.0,17.0,171.0,4.0,/cfb/schools/utah-state/2011.html,,
Robert Turbin,22,RB,,,,16.0,,,,19.0,181.0,0.0,,354.0,0.0
Rhett Ellison,23,RB,USC,128.0,2008*,9.0,0.0,0.0,0.0,4.0,58.0,0.0,/cfb/schools/southern-california/2008.html,,
Rhett Ellison,23,RB,USC,128.0,2009*,13.0,0.0,0.0,0.0,6.0,41.0,1.0,/cfb/schools/southern-california/2009.html,,
Rhett Ellison,23,RB,USC,128.0,2010,13.0,0.0,0.0,0.0,21.0,239.0,3.0,/cfb/schools/southern-california/2010.html,,
Rhett Ellison,23,RB,USC,128.0,2011,12.0,1.0,-5.0,0.0,22.0,133.0,2.0,/cfb/schools/southern-california/2011.html,,
Rhett Ellison,23,RB,,,,,,,,,,,,,
Bradie Ewing,22,RB,Wisconsin,157.0,2008*,12.0,4.0,14.0,1.0,0.0,0.0,0.0,/cfb/schools/wisconsin/2008.html,,
Bradie Ewing,22,RB,Wisconsin,157.0,2009*,13.0,0.0,0.0,0.0,0.0,0.0,0.0,/cfb/schools/wisconsin/2009.html,,
Bradie Ewing,22,RB,Wisconsin,157.0,2010*,13.0,3.0,19.0,1.0,8.0,82.0,2.0,/cfb/schools/wisconsin/2010.html,,
Bradie Ewing,22,RB,Wisconsin,157.0,2011*,14.0,0.0,0.0,0.0,20.0,246.0,0.0,/cfb/schools/wisconsin/2011.html,,
Bradie Ewing,22,RB,,,,,,,,,,,,,
Chris Rainey,24,RB,Florida,159.0,2007*,5.0,1.0,10.0,0.0,0.0,0.0,0.0,/cfb/schools/florida/2007.html,,
Chris Rainey,24,RB,Florida,159.0,2008*,14.0,84.0,652.0,4.0,3.0,37.0,0.0,/cfb/schools/florida/2008.html,,
Chris Rainey,24,RB,Florida,159.0,2009*,14.0,89.0,575.0,5.0,10.0,161.0,1.0,/cfb/schools/florida/2009.html,,
Chris Rainey,24,RB,Florida,159.0,2010*,8.0,51.0,366.0,2.0,25.0,216.0,3.0,/cfb/schools/florida/2010.html,,
Chris Rainey,24,RB,Florida,159.0,2011*,12.0,171.0,861.0,2.0,31.0,381.0,2.0,/cfb/schools/florida/2011.html,,
Chris Rainey,24,RB,,,,16.0,,,,14.0,60.0,0.0,,102.0,2.0
Vick Ballard,22,RB,Mississippi St.,170.0,2010*,12.0,186.0,968.0,19.0,10.0,106.0,1.0,/cfb/schools/mississippi-state/2010.html,,
Vick Ballard,22,RB,Mississippi St.,170.0,2011*,13.0,193.0,1189.0,10.0,20.0,187.0,1.0,/cfb/schools/mississippi-state/2011.html,,
Vick Ballard,22,RB,,,,16.0,,,,17.0,152.0,1.0,,814.0,2.0
Alfred Morris,23,RB,Florida Atlantic,173.0,2008*,11.0,7.0,23.0,0.0,0.0,0.0,0.0,/cfb/schools/florida-atlantic/2008.html,,
Alfred Morris,23,RB,Florida Atlantic,173.0,2009,12.0,263.0,1392.0,11.0,7.0,114.0,2.0,/cfb/schools/florida-atlantic/2009.html,,
Alfred Morris,23,RB,Florida Atlantic,173.0,2010,12.0,227.0,928.0,7.0,8.0,47.0,1.0,/cfb/schools/florida-atlantic/2010.html,,
Alfred Morris,23,RB,Florida Atlantic,173.0,2011,12.0,236.0,1186.0,9.0,15.0,139.0,1.0,/cfb/schools/florida-atlantic/2011.html,,
Alfred Morris,23,RB,,,,16.0,,,,11.0,77.0,0.0,,1613.0,13.0
Cyrus Gray,22,RB,Texas A&M,182.0,2008,12.0,75.0,363.0,1.0,10.0,60.0,0.0,/cfb/schools/texas-am/2008.html,,
Cyrus Gray,22,RB,Texas A&M,182.0,2009*,13.0,159.0,757.0,5.0,28.0,226.0,2.0,/cfb/schools/texas-am/2009.html,,
Cyrus Gray,22,RB,Texas A&M,182.0,2010*,13.0,200.0,1133.0,12.0,34.0,251.0,1.0,/cfb/schools/texas-am/2010.html,,
Cyrus Gray,22,RB,Texas A&M,182.0,2011*,11.0,198.0,1045.0,12.0,31.0,239.0,3.0,/cfb/schools/texas-am/2011.html,,
Cyrus Gray,22,RB,,,,10.0,,,,2.0,18.0,0.0,,44.0,0.0
Dan Herron,23,RB,Ohio St.,191.0,2008*,11.0,89.0,439.0,6.0,6.0,29.0,0.0,/cfb/schools/ohio-state/2008.html,,
Dan Herron,23,RB,Ohio St.,191.0,2009*,10.0,153.0,600.0,7.0,11.0,66.0,1.0,/cfb/schools/ohio-state/2009.html,,
Dan Herron,23,RB,Ohio St.,191.0,2010*,13.0,216.0,1155.0,16.0,19.0,180.0,0.0,/cfb/schools/ohio-state/2010.html,,
Dan Herron,23,RB,Ohio St.,191.0,2011*,7.0,134.0,675.0,3.0,8.0,34.0,0.0,/cfb/schools/ohio-state/2011.html,,
Dan Herron,23,RB,,,,3.0,,,,0.0,0.0,0.0,,5.0,0.0
Terrance Ganaway,23,RB,Baylor,202.0,2007*,13.0,109.0,550.0,6.0,0.0,0.0,0.0,/cfb/schools/houston/2007.html,,
Terrance Ganaway,23,RB,Baylor,202.0,2009,12.0,68.0,200.0,5.0,2.0,37.0,0.0,/cfb/schools/baylor/2009.html,,
Terrance Ganaway,23,RB,Baylor,202.0,2010*,13.0,46.0,295.0,2.0,4.0,44.0,0.0,/cfb/schools/baylor/2010.html,,
Terrance Ganaway,23,RB,Baylor,202.0,2011*,13.0,250.0,1547.0,21.0,6.0,52.0,1.0,/cfb/schools/baylor/2011.html,,
Terrance Ganaway,23,RB,,,,,,,,,,,,,
Michael Smith,24,RB,Utah St.,212.0,2009,12.0,46.0,290.0,4.0,19.0,220.0,2.0,/cfb/schools/utah-state/2009.html,,
Michael Smith,24,RB,Utah St.,212.0,2010,3.0,24.0,153.0,2.0,3.0,23.0,0.0,/cfb/schools/utah-state/2010.html,,
Michael Smith,24,RB,Utah St.,212.0,2011*,13.0,114.0,870.0,9.0,16.0,181.0,2.0,/cfb/schools/utah-state/2011.html,,
Michael Smith,24,RB,,,,,,,,,,,,,
Bryce Brown,21,RB,Kansas St.,229.0,2009*,12.0,101.0,460.0,3.0,10.0,137.0,1.0,/cfb/schools/tennessee/2009.html,,
Bryce Brown,21,RB,Kansas St.,229.0,2011*,2.0,3.0,16.0,0.0,1.0,3.0,0.0,/cfb/schools/kansas-state/2011.html,,
Bryce Brown,21,RB,,,,16.0,,,,13.0,56.0,0.0,,564.0,4.0
Edwin Baker,21,RB,Michigan St.,250.0,2009*,8.0,85.0,427.0,1.0,7.0,43.0,0.0,/cfb/schools/michigan-state/2009.html,,
Edwin Baker,21,RB,Michigan St.,250.0,2010*,13.0,207.0,1201.0,13.0,3.0,22.0,0.0,/cfb/schools/michigan-state/2010.html,,
Edwin Baker,21,RB,Michigan St.,250.0,2011*,14.0,170.0,665.0,5.0,5.0,60.0,1.0,/cfb/schools/michigan-state/2011.html,,
Edwin Baker,21,RB,,,,3.0,,,,8.0,57.0,0.0,,171.0,2.0
Daryl Richardson,22,RB,Abilene Christian,252.0,2009*,8.0,85.0,427.0,1.0,7.0,43.0,0.0,/cfb/schools/michigan-state/2009.html,,
Daryl Richardson,22,RB,Abilene Christian,252.0,2010*,13.0,207.0,1201.0,13.0,3.0,22.0,0.0,/cfb/schools/michigan-state/2010.html,,
Daryl Richardson,22,RB,Abilene Christian,252.0,2011*,14.0,170.0,665.0,5.0,5.0,60.0,1.0,/cfb/schools/michigan-state/2011.html,,
Daryl Richardson,22,RB,,,,16.0,,,,24.0,163.0,0.0,,475.0,0.0
Giovani Bernard,21,RB,North Carolina,37.0,2011*,13.0,239.0,1253.0,13.0,45.0,362.0,1.0,/cfb/schools/north-carolina/2011.html,,
Giovani Bernard,21,RB,North Carolina,37.0,2012,10.0,184.0,1228.0,12.0,47.0,490.0,5.0,/cfb/schools/north-carolina/2012.html,,
Giovani Bernard,21,RB,,,,16.0,,,,56.0,514.0,3.0,,695.0,5.0
Le'Veon Bell,21,RB,Michigan St.,48.0,2010*,13.0,107.0,605.0,8.0,11.0,97.0,0.0,/cfb/schools/michigan-state/2010.html,,
Le'Veon Bell,21,RB,Michigan St.,48.0,2011*,14.0,182.0,948.0,13.0,35.0,267.0,0.0,/cfb/schools/michigan-state/2011.html,,
Le'Veon Bell,21,RB,Michigan St.,48.0,2012*,13.0,382.0,1793.0,12.0,32.0,167.0,1.0,/cfb/schools/michigan-state/2012.html,,
Le'Veon Bell,21,RB,,,,13.0,,,,45.0,399.0,0.0,,860.0,8.0
Montee Ball,22,RB,Wisconsin,58.0,2009*,9.0,98.0,391.0,4.0,9.0,92.0,0.0,/cfb/schools/wisconsin/2009.html,,
Montee Ball,22,RB,Wisconsin,58.0,2010*,12.0,163.0,996.0,18.0,16.0,128.0,0.0,/cfb/schools/wisconsin/2010.html,,
Montee Ball,22,RB,Wisconsin,58.0,2011*,14.0,307.0,1923.0,33.0,24.0,306.0,6.0,/cfb/schools/wisconsin/2011.html,,
Montee Ball,22,RB,Wisconsin,58.0,2012*,14.0,356.0,1830.0,22.0,10.0,72.0,0.0,/cfb/schools/wisconsin/2012.html,,
Montee Ball,22,RB,,,,16.0,,,,20.0,145.0,0.0,,559.0,4.0
Eddie Lacy,23,RB,Alabama,61.0,2010*,12.0,56.0,406.0,6.0,2.0,18.0,0.0,/cfb/schools/alabama/2010.html,,
Eddie Lacy,23,RB,Alabama,61.0,2011*,12.0,95.0,674.0,7.0,11.0,131.0,0.0,/cfb/schools/alabama/2011.html,,
Eddie Lacy,23,RB,Alabama,61.0,2012*,14.0,204.0,1322.0,17.0,22.0,189.0,2.0,/cfb/schools/alabama/2012.html,,
Eddie Lacy,23,RB,,,,15.0,,,,35.0,257.0,0.0,,1178.0,11.0
Christine Michael,22,RB,Texas A&M,62.0,2009*,12.0,166.0,844.0,10.0,15.0,66.0,0.0,/cfb/schools/texas-am/2009.html,,
Christine Michael,22,RB,Texas A&M,62.0,2010*,8.0,126.0,631.0,4.0,13.0,174.0,0.0,/cfb/schools/texas-am/2010.html,,
Christine Michael,22,RB,Texas A&M,62.0,2011*,9.0,149.0,899.0,8.0,8.0,35.0,1.0,/cfb/schools/texas-am/2011.html,,
Christine Michael,22,RB,Texas A&M,62.0,2012*,11.0,88.0,417.0,12.0,8.0,48.0,0.0,/cfb/schools/texas-am/2012.html,,
Christine Michael,22,RB,,,,4.0,,,,0.0,0.0,0.0,,79.0,0.0
Knile Davis,21,RB,Arkansas,96.0,2009*,13.0,33.0,163.0,4.0,2.0,4.0,0.0,/cfb/schools/arkansas/2009.html,,
Knile Davis,21,RB,Arkansas,96.0,2010*,13.0,204.0,1322.0,13.0,19.0,136.0,1.0,/cfb/schools/arkansas/2010.html,,
Knile Davis,21,RB,Arkansas,96.0,2012,10.0,112.0,377.0,2.0,11.0,157.0,1.0,/cfb/schools/arkansas/2012.html,,
Knile Davis,21,RB,,,,16.0,,,,11.0,75.0,0.0,,242.0,4.0
Johnathan Franklin,23,RB,UCLA,125.0,2009*,13.0,126.0,566.0,5.0,6.0,57.0,0.0,/cfb/schools/ucla/2009.html,,
Johnathan Franklin,23,RB,UCLA,125.0,2010,12.0,214.0,1127.0,8.0,10.0,63.0,0.0,/cfb/schools/ucla/2010.html,,
Johnathan Franklin,23,RB,UCLA,125.0,2011*,14.0,166.0,976.0,5.0,9.0,74.0,1.0,/cfb/schools/ucla/2011.html,,
Johnathan Franklin,23,RB,UCLA,125.0,2012*,14.0,282.0,1734.0,13.0,33.0,323.0,2.0,/cfb/schools/ucla/2012.html,,
Johnathan Franklin,23,RB,,,,11.0,,,,4.0,30.0,0.0,,107.0,1.0
Kyle Juszczyk,22,RB,Harvard,130.0,2011*,13.0,10.0,42.0,0.0,79.0,1202.0,11.0,/cfb/schools/louisiana-tech/2011.html,,
Kyle Juszczyk,22,RB,Harvard,130.0,2012,12.0,1.0,-5.0,0.0,104.0,1392.0,13.0,/cfb/schools/louisiana-tech/2012.html,,
Kyle Juszczyk,22,RB,,,,,,,,,,,,,
Marcus Lattimore,21,RB,South Carolina,131.0,2010*,13.0,249.0,1197.0,17.0,29.0,412.0,2.0,/cfb/schools/south-carolina/2010.html,,
Marcus Lattimore,21,RB,South Carolina,131.0,2011*,7.0,163.0,818.0,10.0,19.0,182.0,1.0,/cfb/schools/south-carolina/2011.html,,
Marcus Lattimore,21,RB,South Carolina,131.0,2012*,9.0,143.0,662.0,11.0,26.0,173.0,0.0,/cfb/schools/south-carolina/2012.html,,
Marcus Lattimore,21,RB,,,,,,,,,,,,,
Stepfan Taylor,22,RB,Stanford,140.0,2009*,13.0,56.0,303.0,2.0,3.0,43.0,0.0,/cfb/schools/stanford/2009.html,,
Stepfan Taylor,22,RB,Stanford,140.0,2010*,13.0,223.0,1137.0,15.0,28.0,266.0,1.0,/cfb/schools/stanford/2010.html,,
Stepfan Taylor,22,RB,Stanford,140.0,2011*,13.0,242.0,1330.0,10.0,25.0,182.0,2.0,/cfb/schools/stanford/2011.html,,
Stepfan Taylor,22,RB,Stanford,140.0,2012*,14.0,322.0,1530.0,13.0,41.0,287.0,2.0,/cfb/schools/stanford/2012.html,,
Stepfan Taylor,22,RB,,,,16.0,,,,8.0,71.0,0.0,,115.0,0.0
Joseph Randle,21,RB,Oklahoma St.,151.0,2010*,13.0,82.0,452.0,2.0,37.0,427.0,1.0,/cfb/schools/oklahoma-state/2010.html,,
Joseph Randle,21,RB,Oklahoma St.,151.0,2011*,13.0,208.0,1216.0,24.0,43.0,266.0,2.0,/cfb/schools/oklahoma-state/2011.html,,
Joseph Randle,21,RB,Oklahoma St.,151.0,2012*,13.0,274.0,1417.0,14.0,28.0,224.0,0.0,/cfb/schools/oklahoma-state/2012.html,,
Joseph Randle,21,RB,,,,13.0,,,,8.0,61.0,0.0,,164.0,2.0
Chris Thompson,22,RB,Florida St.,154.0,2009*,11.0,23.0,120.0,2.0,2.0,10.0,0.0,/cfb/schools/florida-state/2009.html,,
Chris Thompson,22,RB,Florida St.,154.0,2010*,14.0,134.0,845.0,6.0,19.0,155.0,1.0,/cfb/schools/florida-state/2010.html,,
Chris Thompson,22,RB,Florida St.,154.0,2011*,5.0,29.0,83.0,1.0,3.0,17.0,0.0,/cfb/schools/florida-state/2011.html,,
Chris Thompson,22,RB,Florida St.,154.0,2012*,9.0,91.0,687.0,5.0,21.0,248.0,0.0,/cfb/schools/florida-state/2012.html,,
Chris Thompson,22,RB,,,,4.0,,,,0.0,0.0,0.0,,0.0,0.0
Zac Stacy,22,RB,Vanderbilt,160.0,2009,10.0,107.0,478.0,3.0,7.0,72.0,0.0,/cfb/schools/vanderbilt/2009.html,,
Zac Stacy,22,RB,Vanderbilt,160.0,2010,9.0,66.0,331.0,3.0,9.0,32.0,0.0,/cfb/schools/vanderbilt/2010.html,,
Zac Stacy,22,RB,Vanderbilt,160.0,2011*,13.0,201.0,1193.0,14.0,20.0,106.0,0.0,/cfb/schools/vanderbilt/2011.html,,
Zac Stacy,22,RB,Vanderbilt,160.0,2012*,13.0,207.0,1141.0,10.0,10.0,205.0,0.0,/cfb/schools/vanderbilt/2012.html,,
Zac Stacy,22,RB,,,,14.0,,,,26.0,141.0,1.0,,973.0,7.0
Mike Gillislee,22,RB,Florida,164.0,2009*,13.0,31.0,267.0,1.0,1.0,6.0,1.0,/cfb/schools/florida/2009.html,,
Mike Gillislee,22,RB,Florida,164.0,2010*,12.0,58.0,325.0,7.0,6.0,17.0,0.0,/cfb/schools/florida/2010.html,,
Mike Gillislee,22,RB,Florida,164.0,2011*,11.0,56.0,328.0,2.0,0.0,0.0,0.0,/cfb/schools/florida/2011.html,,
Mike Gillislee,22,RB,Florida,164.0,2012*,13.0,244.0,1152.0,10.0,16.0,159.0,1.0,/cfb/schools/florida/2012.html,,
Mike Gillislee,22,RB,,,,3.0,,,,0.0,0.0,0.0,,21.0,0.0
Latavius Murray,23,RB,Central Florida,181.0,2008,8.0,46.0,132.0,3.0,1.0,4.0,0.0,/cfb/schools/central-florida/2008.html,,
Latavius Murray,23,RB,Central Florida,181.0,2010*,14.0,111.0,637.0,11.0,5.0,47.0,1.0,/cfb/schools/central-florida/2010.html,,
Latavius Murray,23,RB,Central Florida,181.0,2011,12.0,98.0,549.0,8.0,17.0,242.0,1.0,/cfb/schools/central-florida/2011.html,,
Latavius Murray,23,RB,Central Florida,181.0,2012*,11.0,198.0,1106.0,15.0,27.0,231.0,4.0,/cfb/schools/central-florida/2012.html,,
Latavius Murray,23,RB,,,,15.0,,,,17.0,143.0,0.0,,424.0,2.0
Kenjon Barner,24,RB,Oregon,182.0,2009*,13.0,61.0,366.0,3.0,4.0,30.0,0.0,/cfb/schools/oregon/2009.html,,
Kenjon Barner,24,RB,Oregon,182.0,2010*,11.0,91.0,551.0,6.0,13.0,121.0,2.0,/cfb/schools/oregon/2010.html,,
Kenjon Barner,24,RB,Oregon,182.0,2011*,12.0,152.0,939.0,11.0,17.0,184.0,3.0,/cfb/schools/oregon/2011.html,,
Kenjon Barner,24,RB,Oregon,182.0,2012*,13.0,278.0,1767.0,21.0,20.0,256.0,2.0,/cfb/schools/oregon/2012.html,,
Kenjon Barner,24,RB,,,,8.0,,,,2.0,7.0,0.0,,7.0,0.0
Andre Ellington,24,RB,Clemson,187.0,2009*,14.0,68.0,491.0,4.0,11.0,55.0,0.0,/cfb/schools/clemson/2009.html,,
Andre Ellington,24,RB,Clemson,187.0,2010*,9.0,118.0,686.0,10.0,12.0,109.0,1.0,/cfb/schools/clemson/2010.html,,
Andre Ellington,24,RB,Clemson,187.0,2011*,13.0,223.0,1178.0,11.0,22.0,109.0,0.0,/cfb/schools/clemson/2011.html,,
Andre Ellington,24,RB,Clemson,187.0,2012*,13.0,212.0,1081.0,8.0,14.0,232.0,1.0,/cfb/schools/clemson/2012.html,,
Andre Ellington,24,RB,,,,15.0,,,,39.0,371.0,1.0,,652.0,3.0
Mike James,22,RB,Miami (FL),189.0,2009*,13.0,15.0,46.0,1.0,15.0,105.0,0.0,/cfb/schools/miami-fl/2009.html,,
Mike James,22,RB,Miami (FL),189.0,2010*,13.0,70.0,398.0,3.0,13.0,56.0,1.0,/cfb/schools/miami-fl/2010.html,,
Mike James,22,RB,Miami (FL),189.0,2011,12.0,72.0,275.0,7.0,9.0,80.0,1.0,/cfb/schools/miami-fl/2011.html,,
Mike James,22,RB,Miami (FL),189.0,2012,12.0,147.0,621.0,6.0,30.0,344.0,3.0,/cfb/schools/miami-fl/2012.html,,
Mike James,22,RB,,,,8.0,,,,10.0,43.0,0.0,,295.0,0.0
Rex Burkhead,23,RB,Nebraska,190.0,2009*,9.0,81.0,346.0,3.0,13.0,90.0,1.0,/cfb/schools/nebraska/2009.html,,
Rex Burkhead,23,RB,Nebraska,190.0,2010*,14.0,172.0,951.0,7.0,15.0,148.0,0.0,/cfb/schools/nebraska/2010.html,,
Rex Burkhead,23,RB,Nebraska,190.0,2011*,13.0,284.0,1357.0,15.0,21.0,177.0,2.0,/cfb/schools/nebraska/2011.html,,
Rex Burkhead,23,RB,Nebraska,190.0,2012*,8.0,98.0,675.0,5.0,11.0,92.0,2.0,/cfb/schools/nebraska/2012.html,,
Rex Burkhead,23,RB,,,,1.0,,,,0.0,0.0,0.0,,0.0,0.0
Spencer Ware,21,RB,LSU,194.0,2010*,11.0,24.0,175.0,1.0,10.0,101.0,0.0,/cfb/schools/louisiana-state/2010.html,,
Spencer Ware,21,RB,LSU,194.0,2011*,13.0,177.0,707.0,8.0,11.0,73.0,1.0,/cfb/schools/louisiana-state/2011.html,,
Spencer Ware,21,RB,LSU,194.0,2012*,12.0,94.0,367.0,1.0,18.0,230.0,1.0,/cfb/schools/louisiana-state/2012.html,,
Spencer Ware,21,RB,,,,2.0,,,,0.0,0.0,0.0,,10.0,0.0
Theo Riddick,22,RB,Notre Dame,199.0,2009,12.0,29.0,160.0,0.0,6.0,43.0,0.0,/cfb/schools/notre-dame/2009.html,,
Theo Riddick,22,RB,Notre Dame,199.0,2010*,9.0,11.0,29.0,0.0,40.0,414.0,3.0,/cfb/schools/notre-dame/2010.html,,
Theo Riddick,22,RB,Notre Dame,199.0,2011*,11.0,14.0,63.0,0.0,38.0,436.0,3.0,/cfb/schools/notre-dame/2011.html,,
Theo Riddick,22,RB,Notre Dame,199.0,2012*,13.0,190.0,917.0,5.0,36.0,370.0,2.0,/cfb/schools/notre-dame/2012.html,,
Theo Riddick,22,RB,,,,14.0,,,,4.0,26.0,0.0,,25.0,1.0
Tommy Bohanon,22,RB,Wake Forest,215.0,2009,12.0,16.0,51.0,0.0,8.0,66.0,1.0,/cfb/schools/wake-forest/2009.html,,
Tommy Bohanon,22,RB,Wake Forest,215.0,2010,12.0,17.0,77.0,0.0,11.0,75.0,0.0,/cfb/schools/wake-forest/2010.html,,
Tommy Bohanon,22,RB,Wake Forest,215.0,2011*,13.0,15.0,31.0,2.0,9.0,56.0,1.0,/cfb/schools/wake-forest/2011.html,,
Tommy Bohanon,22,RB,Wake Forest,215.0,2012,12.0,2.0,1.0,1.0,23.0,208.0,5.0,/cfb/schools/wake-forest/2012.html,,
Tommy Bohanon,22,RB,,,,,,,,,,,,,
Jawan Jamison,21,RB,Rutgers,228.0,2011*,12.0,231.0,897.0,9.0,8.0,62.0,0.0,/cfb/schools/rutgers/2011.html,,
Jawan Jamison,21,RB,Rutgers,228.0,2012*,13.0,255.0,1075.0,4.0,28.0,323.0,2.0,/cfb/schools/rutgers/2012.html,,
Jawan Jamison,21,RB,,,,,,,,,,,,,
Kerwynn Williams,22,RB,Utah St.,230.0,2009,11.0,2.0,10.0,0.0,0.0,0.0,0.0,/cfb/schools/utah-state/2009.html,,
Kerwynn Williams,22,RB,Utah St.,230.0,2010,12.0,81.0,451.0,4.0,12.0,110.0,0.0,/cfb/schools/utah-state/2010.html,,
Kerwynn Williams,22,RB,Utah St.,230.0,2011*,13.0,81.0,542.0,3.0,7.0,63.0,0.0,/cfb/schools/utah-state/2011.html,,
Kerwynn Williams,22,RB,Utah St.,230.0,2012*,13.0,218.0,1512.0,15.0,45.0,697.0,5.0,/cfb/schools/utah-state/2012.html,,
Kerwynn Williams,22,RB,,,,2.0,,,,0.0,0.0,0.0,,0.0,0.0
Michael Cox,24,RB,Massachusetts,253.0,2009,4.0,13.0,113.0,2.0,1.0,11.0,0.0,/cfb/schools/michigan/2009.html,,
Michael Cox,24,RB,Massachusetts,253.0,2010*,5.0,6.0,56.0,0.0,0.0,0.0,0.0,/cfb/schools/michigan/2010.html,,
Michael Cox,24,RB,Massachusetts,253.0,2011*,6.0,0.0,0.0,0.0,0.0,0.0,0.0,/cfb/schools/michigan/2011.html,,
Michael Cox,24,RB,Massachusetts,253.0,2012,12.0,198.0,710.0,5.0,13.0,63.0,0.0,/cfb/schools/massachusetts/2012.html,,
Michael Cox,24,RB,,,,14.0,,,,3.0,12.0,0.0,,43.0,0.0
Bishop Sankey,21,RB,Washington,54.0,2011*,12.0,28.0,187.0,1.0,6.0,14.0,0.0,/cfb/schools/washington/2011.html,,
Bishop Sankey,21,RB,Washington,54.0,2012*,13.0,289.0,1439.0,16.0,33.0,249.0,0.0,/cfb/schools/washington/2012.html,,
Bishop Sankey,21,RB,Washington,54.0,2013*,13.0,327.0,1870.0,20.0,28.0,304.0,1.0,/cfb/schools/washington/2013.html,,
Bishop Sankey,21,RB,,,,16.0,,,,18.0,133.0,0.0,,569.0,2.0
Jeremy Hill,21,RB,LSU,55.0,2012*,12.0,142.0,755.0,12.0,8.0,73.0,0.0,/cfb/schools/louisiana-state/2012.html,,
Jeremy Hill,21,RB,LSU,55.0,2013*,12.0,203.0,1401.0,16.0,18.0,181.0,0.0,/cfb/schools/louisiana-state/2013.html,,
Jeremy Hill,21,RB,,,,16.0,,,,27.0,215.0,0.0,,1124.0,9.0
Carlos Hyde,23,RB,Ohio St.,57.0,2010*,7.0,24.0,141.0,0.0,0.0,0.0,0.0,/cfb/schools/ohio-state/2010.html,,
Carlos Hyde,23,RB,Ohio St.,57.0,2011*,13.0,106.0,566.0,6.0,10.0,73.0,0.0,/cfb/schools/ohio-state/2011.html,,
Carlos Hyde,23,RB,Ohio St.,57.0,2012,10.0,185.0,970.0,16.0,8.0,51.0,1.0,/cfb/schools/ohio-state/2012.html,,
Carlos Hyde,23,RB,Ohio St.,57.0,2013*,11.0,208.0,1521.0,15.0,16.0,147.0,3.0,/cfb/schools/ohio-state/2013.html,,
Carlos Hyde,23,RB,,,,14.0,,,,12.0,68.0,0.0,,333.0,4.0
Charles Sims,23,RB,West Virginia,69.0,2009*,14.0,132.0,698.0,9.0,70.0,759.0,1.0,/cfb/schools/houston/2009.html,,
Charles Sims,23,RB,West Virginia,69.0,2011*,13.0,110.0,821.0,9.0,51.0,575.0,4.0,/cfb/schools/houston/2011.html,,
Charles Sims,23,RB,West Virginia,69.0,2012,9.0,142.0,851.0,11.0,37.0,373.0,3.0,/cfb/schools/houston/2012.html,,
Charles Sims,23,RB,West Virginia,69.0,2013,12.0,208.0,1095.0,11.0,45.0,401.0,3.0,/cfb/schools/west-virginia/2013.html,,
Charles Sims,23,RB,,,,8.0,,,,19.0,190.0,0.0,,185.0,1.0
Tre Mason,21,RB,Auburn,75.0,2011*,12.0,28.0,161.0,1.0,0.0,0.0,0.0,/cfb/schools/auburn/2011.html,,
Tre Mason,21,RB,Auburn,75.0,2012,12.0,171.0,1002.0,8.0,7.0,86.0,0.0,/cfb/schools/auburn/2012.html,,
Tre Mason,21,RB,Auburn,75.0,2013*,14.0,317.0,1816.0,23.0,12.0,163.0,1.0,/cfb/schools/auburn/2013.html,,
Tre Mason,21,RB,,,,12.0,,,,16.0,148.0,1.0,,765.0,4.0
Terrance West,23,RB,Towson,94.0,2011,12.0,0.0,0.0,0.0,31.0,454.0,4.0,/cfb/schools/mississippi/2011.html,,
Terrance West,23,RB,Towson,94.0,2012*,13.0,0.0,0.0,0.0,66.0,979.0,10.0,/cfb/schools/mississippi/2012.html,,
Terrance West,23,RB,Towson,94.0,2013*,13.0,0.0,0.0,0.0,59.0,938.0,6.0,/cfb/schools/mississippi/2013.html,,
Terrance West,23,RB,,,,14.0,,,,11.0,64.0,1.0,,673.0,4.0
Jerick McKinnon,22,RB,Georgia Southern,96.0,2011,12.0,0.0,0.0,0.0,31.0,454.0,4.0,/cfb/schools/mississippi/2011.html,,
Jerick McKinnon,22,RB,Georgia Southern,96.0,2012*,13.0,0.0,0.0,0.0,66.0,979.0,10.0,/cfb/schools/mississippi/2012.html,,
Jerick McKinnon,22,RB,Georgia Southern,96.0,2013*,13.0,0.0,0.0,0.0,59.0,938.0,6.0,/cfb/schools/mississippi/2013.html,,
Jerick McKinnon,22,RB,,,,11.0,,,,27.0,135.0,0.0,,538.0,0.0
Devonta Freeman,22,RB,Florida St.,103.0,2011*,12.0,120.0,579.0,8.0,15.0,111.0,0.0,/cfb/schools/florida-state/2011.html,,
Devonta Freeman,22,RB,Florida St.,103.0,2012*,14.0,111.0,660.0,8.0,10.0,86.0,0.0,/cfb/schools/florida-state/2012.html,,
Devonta Freeman,22,RB,Florida St.,103.0,2013*,14.0,173.0,1016.0,14.0,22.0,278.0,1.0,/cfb/schools/florida-state/2013.html,,
Devonta Freeman,22,RB,,,,16.0,,,,30.0,225.0,1.0,,248.0,1.0
Andre Williams,22,RB,Boston Col.,113.0,2010*,12.0,95.0,461.0,2.0,4.0,15.0,0.0,/cfb/schools/boston-college/2010.html,,
Andre Williams,22,RB,Boston Col.,113.0,2011,10.0,124.0,517.0,4.0,2.0,11.0,0.0,/cfb/schools/boston-college/2011.html,,
Andre Williams,22,RB,Boston Col.,113.0,2012,9.0,130.0,584.0,4.0,4.0,34.0,0.0,/cfb/schools/boston-college/2012.html,,
Andre Williams,22,RB,Boston Col.,113.0,2013*,13.0,355.0,2177.0,18.0,0.0,0.0,0.0,/cfb/schools/boston-college/2013.html,,
Andre Williams,22,RB,,,,16.0,,,,18.0,130.0,0.0,,721.0,7.0
Ka'Deem Carey,21,RB,Arizona,117.0,2011,11.0,91.0,425.0,6.0,15.0,203.0,2.0,/cfb/schools/arizona/2011.html,,
Ka'Deem Carey,21,RB,Arizona,117.0,2012*,13.0,303.0,1929.0,23.0,36.0,303.0,1.0,/cfb/schools/arizona/2012.html,,
Ka'Deem Carey,21,RB,Arizona,117.0,2013*,12.0,349.0,1885.0,19.0,26.0,173.0,1.0,/cfb/schools/arizona/2013.html,,
Ka'Deem Carey,21,RB,,,,14.0,,,,5.0,57.0,0.0,,158.0,0.0
De'Anthony Thomas,21,RB,Oregon,124.0,2011*,14.0,55.0,595.0,7.0,46.0,605.0,9.0,/cfb/schools/oregon/2011.html,,
De'Anthony Thomas,21,RB,Oregon,124.0,2012*,13.0,92.0,701.0,11.0,45.0,445.0,5.0,/cfb/schools/oregon/2012.html,,
De'Anthony Thomas,21,RB,Oregon,124.0,2013*,10.0,96.0,594.0,8.0,22.0,246.0,1.0,/cfb/schools/oregon/2013.html,,
De'Anthony Thomas,21,RB,,,,,,,,,,,,,
James White,22,RB,Wisconsin,130.0,2010*,12.0,156.0,1052.0,14.0,11.0,88.0,0.0,/cfb/schools/wisconsin/2010.html,,
James White,22,RB,Wisconsin,130.0,2011*,13.0,141.0,713.0,6.0,15.0,150.0,0.0,/cfb/schools/wisconsin/2011.html,,
James White,22,RB,Wisconsin,130.0,2012*,14.0,125.0,806.0,12.0,8.0,132.0,1.0,/cfb/schools/wisconsin/2012.html,,
James White,22,RB,Wisconsin,130.0,2013*,13.0,221.0,1444.0,13.0,39.0,300.0,2.0,/cfb/schools/wisconsin/2013.html,,
James White,22,RB,,,,,,,,,,,,,
Lorenzo Taliaferro,22,RB,Coastal Carolina,138.0,2009*,12.0,59.0,-105.0,1.0,1.0,-2.0,0.0,/cfb/schools/rutgers/2009.html,,
Lorenzo Taliaferro,22,RB,Coastal Carolina,138.0,2010,6.0,32.0,-6.0,0.0,0.0,0.0,0.0,/cfb/schools/rutgers/2010.html,,
Lorenzo Taliaferro,22,RB,Coastal Carolina,138.0,2013*,13.0,76.0,-208.0,3.0,0.0,0.0,0.0,/cfb/schools/pittsburgh/2013.html,,
Lorenzo Taliaferro,22,RB,,,,13.0,,,,8.0,114.0,0.0,,292.0,4.0
Alfred Blue,23,RB,LSU,181.0,2010*,11.0,20.0,101.0,1.0,1.0,1.0,0.0,/cfb/schools/louisiana-state/2010.html,,
Alfred Blue,23,RB,LSU,181.0,2011*,13.0,78.0,539.0,7.0,3.0,-3.0,0.0,/cfb/schools/louisiana-state/2011.html,,
Alfred Blue,23,RB,LSU,181.0,2012*,4.0,40.0,270.0,2.0,7.0,45.0,0.0,/cfb/schools/louisiana-state/2012.html,,
Alfred Blue,23,RB,LSU,181.0,2013*,13.0,71.0,343.0,1.0,5.0,62.0,0.0,/cfb/schools/louisiana-state/2013.html,,
Alfred Blue,23,RB,,,,16.0,,,,15.0,113.0,1.0,,528.0,2.0
Lache Seastrunk,23,RB,Baylor,186.0,2012*,13.0,131.0,1012.0,7.0,9.0,107.0,1.0,/cfb/schools/baylor/2012.html,,
Lache Seastrunk,23,RB,Baylor,186.0,2013*,11.0,158.0,1177.0,11.0,0.0,0.0,0.0,/cfb/schools/baylor/2013.html,,
Lache Seastrunk,23,RB,,,,,,,,,,,,,
Marion Grice,23,RB,Arizona St.,201.0,2012*,13.0,103.0,679.0,11.0,41.0,425.0,8.0,/cfb/schools/arizona-state/2012.html,,
Marion Grice,23,RB,Arizona St.,201.0,2013*,11.0,191.0,996.0,14.0,50.0,438.0,6.0,/cfb/schools/arizona-state/2013.html,,
Marion Grice,23,RB,,,,10.0,,,,7.0,29.0,0.0,,41.0,1.0
Tyler Gaffney,23,RB,Stanford,204.0,2009*,12.0,22.0,87.0,1.0,2.0,39.0,0.0,/cfb/schools/stanford/2009.html,,
Tyler Gaffney,23,RB,Stanford,204.0,2010*,10.0,60.0,255.0,4.0,3.0,60.0,2.0,/cfb/schools/stanford/2010.html,,
Tyler Gaffney,23,RB,Stanford,204.0,2011*,13.0,74.0,449.0,7.0,12.0,79.0,1.0,/cfb/schools/stanford/2011.html,,
Tyler Gaffney,23,RB,Stanford,204.0,2013*,14.0,330.0,1709.0,21.0,15.0,86.0,1.0,/cfb/schools/stanford/2013.html,,
Tyler Gaffney,23,RB,,,,,,,,,,,,,
Storm Johnson,22,RB,Central Florida,222.0,2010*,10.0,9.0,119.0,1.0,1.0,9.0,0.0,/cfb/schools/miami-fl/2010.html,,
Storm Johnson,22,RB,Central Florida,222.0,2012*,13.0,113.0,507.0,4.0,10.0,20.0,0.0,/cfb/schools/central-florida/2012.html,,
Storm Johnson,22,RB,Central Florida,222.0,2013*,13.0,213.0,1139.0,14.0,30.0,260.0,3.0,/cfb/schools/central-florida/2013.html,,
Storm Johnson,22,RB,,,,6.0,,,,1.0,-4.0,0.0,,86.0,2.0
Kiero Small,25,RB,Arkansas,227.0,2011*,13.0,1.0,1.0,1.0,1.0,7.0,0.0,/cfb/schools/arkansas/2011.html,,
Kiero Small,25,RB,Arkansas,227.0,2013,12.0,40.0,151.0,3.0,19.0,128.0,1.0,/cfb/schools/arkansas/2013.html,,
Kiero Small,25,RB,,,,,,,,,,,,,
