name,age,position,school,draft_pick,season,games,rushATT,rushYDS,rushTDS,recs,recYDS,recTDS,rushingYDS,rushingTDS
Todd Gurley,21,RB,Georgia,10,2012*,13,222,1385,17,21,188,0,1106.0,10.0
Todd Gurley,21,RB,Georgia,10,2013*,13,165,989,10,21,188,0,1106.0,10.0
Todd Gurley,21,RB,Georgia,10,2014*,13,123,911,9,21,188,0,1106.0,10.0
Melvin Gordon,22,RB,Wisconsin,15,2011*,14,20,98,1,33,192,0,641.0,0.0
Melvin Gordon,22,RB,Wisconsin,15,2012*,14,62,621,3,33,192,0,641.0,0.0
Melvin Gordon,22,RB,Wisconsin,15,2013*,14,206,1609,12,33,192,0,641.0,0.0
Melvin Gordon,22,RB,Wisconsin,15,2014*,14,343,2587,29,33,192,0,641.0,0.0
T.J. Yeldon,21,RB,Alabama,36,2012*,12,175,1108,12,36,279,1,740.0,2.0
T.J. Yeldon,21,RB,Alabama,36,2013*,12,207,1235,14,36,279,1,740.0,2.0
T.J. Yeldon,21,RB,Alabama,36,2014*,12,194,979,11,36,279,1,740.0,2.0
Ameer Abdullah,22,RB,Nebraska,54,2011*,16,42,150,3,25,183,1,597.0,2.0
Ameer Abdullah,22,RB,Nebraska,54,2012*,16,226,1137,8,25,183,1,597.0,2.0
Ameer Abdullah,22,RB,Nebraska,54,2013*,16,281,1690,9,25,183,1,597.0,2.0
Ameer Abdullah,22,RB,Nebraska,54,2014*,16,264,1611,19,25,183,1,597.0,2.0
Tevin Coleman,22,RB,Indiana,73,2012,12,51,225,1,2,14,0,392.0,1.0
Tevin Coleman,22,RB,Indiana,73,2013,12,131,958,12,2,14,0,392.0,1.0
Tevin Coleman,22,RB,Indiana,73,2014,12,270,2036,15,2,14,0,392.0,1.0
Duke Johnson,21,RB,Miami (FL),77,2012,16,139,947,10,61,534,2,379.0,0.0
Duke Johnson,21,RB,Miami (FL),77,2013*,16,145,920,6,61,534,2,379.0,0.0
Duke Johnson,21,RB,Miami (FL),77,2014*,16,242,1652,10,61,534,2,379.0,0.0
Matt Jones,22,RB,Florida,95,2012*,13,52,275,3,19,304,1,490.0,3.0
Matt Jones,22,RB,Florida,95,2013,13,79,339,2,19,304,1,490.0,3.0
Matt Jones,22,RB,Florida,95,2014*,13,166,817,6,19,304,1,490.0,3.0
Jeremy Langford,23,RB,Michigan St.,106,2011*,16,0,0,0,22,279,1,537.0,6.0
Jeremy Langford,23,RB,Michigan St.,106,2012*,16,9,23,0,22,279,1,537.0,6.0
Jeremy Langford,23,RB,Michigan St.,106,2013*,16,292,1422,18,22,279,1,537.0,6.0
Jeremy Langford,23,RB,Michigan St.,106,2014*,16,276,1522,22,22,279,1,537.0,6.0
Javorius Allen,24,RB,USC,125,2012*,16,6,32,0,45,353,2,514.0,1.0
Javorius Allen,24,RB,USC,125,2013*,16,135,785,14,45,353,2,514.0,1.0
Javorius Allen,24,RB,USC,125,2014*,16,276,1489,11,45,353,2,514.0,1.0
Mike Davis,22,RB,South Carolina,126,2012*,6,52,275,2,7,38,0,58.0,0.0
Mike Davis,22,RB,South Carolina,126,2013*,6,203,1183,11,7,38,0,58.0,0.0
Mike Davis,22,RB,South Carolina,126,2014*,6,199,982,9,7,38,0,58.0,0.0
David Cobb,22,RB,Minnesota,138,2011,7,10,57,0,1,-2,0,146.0,1.0
David Cobb,22,RB,Minnesota,138,2012*,7,1,8,0,1,-2,0,146.0,1.0
David Cobb,22,RB,Minnesota,138,2013*,7,237,1202,7,1,-2,0,146.0,1.0
David Cobb,22,RB,Minnesota,138,2014*,7,314,1626,13,1,-2,0,146.0,1.0
Jay Ajayi,22,RB,Boise St.,149,2012*,9,82,548,4,7,90,0,187.0,1.0
Jay Ajayi,22,RB,Boise St.,149,2013*,9,249,1425,18,7,90,0,187.0,1.0
Jay Ajayi,22,RB,Boise St.,149,2014*,9,347,1823,28,7,90,0,187.0,1.0
Karlos Williams,22,RB,Florida St.,155,2011*,11,0,0,0,11,96,2,517.0,7.0
Karlos Williams,22,RB,Florida St.,155,2012*,11,0,0,0,11,96,2,517.0,7.0
Karlos Williams,22,RB,Florida St.,155,2013*,11,91,730,11,11,96,2,517.0,7.0
Karlos Williams,22,RB,Florida St.,155,2014*,11,150,689,11,11,96,2,517.0,7.0
Cameron Artis-Payne,25,RB,Auburn,174,2013*,7,91,610,6,5,58,0,183.0,1.0
Cameron Artis-Payne,25,RB,Auburn,174,2014*,7,303,1608,13,5,58,0,183.0,1.0
Josh Robinson,23,RB,Mississippi St.,205,2012*,5,55,335,1,6,33,0,39.0,0.0
Josh Robinson,23,RB,Mississippi St.,205,2013*,5,78,459,3,6,33,0,39.0,0.0
Josh Robinson,23,RB,Mississippi St.,205,2014*,5,190,1203,11,6,33,0,39.0,0.0
Marcus Murphy,23,RB,Missouri,230,2010*,13,22,181,2,0,0,0,0.0,0.0
Marcus Murphy,23,RB,Missouri,230,2012,13,46,251,1,0,0,0,0.0,0.0
Marcus Murphy,23,RB,Missouri,230,2013*,13,92,601,9,0,0,0,0.0,0.0
Marcus Murphy,23,RB,Missouri,230,2014*,13,177,924,4,0,0,0,0.0,0.0
Kenny Hilliard,23,RB,LSU,235,2011*,13,62,336,8,3,13,1,,
Kenny Hilliard,23,RB,LSU,235,2012*,12,82,464,6,3,21,0,,
Kenny Hilliard,23,RB,LSU,235,2013*,12,68,310,7,1,0,0,,
Kenny Hilliard,23,RB,LSU,235,2014*,11,90,447,6,4,35,0,,
Ezekiel Elliott,21,RB,Ohio St.,4,2013*,15,30,262,2,32,363,1,1631.0,15.0
Ezekiel Elliott,21,RB,Ohio St.,4,2014*,15,273,1878,18,32,363,1,1631.0,15.0
Ezekiel Elliott,21,RB,Ohio St.,4,2015*,15,289,1821,23,32,363,1,1631.0,15.0
Derrick Henry,22,RB,Alabama,45,2013*,15,35,382,3,13,137,0,490.0,5.0
Derrick Henry,22,RB,Alabama,45,2014*,15,172,990,11,13,137,0,490.0,5.0
Derrick Henry,22,RB,Alabama,45,2015*,15,395,2219,28,13,137,0,490.0,5.0
Kenyan Drake,22,RB,Alabama,73,2012*,16,42,281,5,9,46,0,179.0,2.0
Kenyan Drake,22,RB,Alabama,73,2013*,16,92,694,8,9,46,0,179.0,2.0
Kenyan Drake,22,RB,Alabama,73,2014*,16,22,112,4,9,46,0,179.0,2.0
Kenyan Drake,22,RB,Alabama,73,2015*,16,77,408,1,9,46,0,179.0,2.0
C.J. Prosise,22,RB,Notre Dame,90,2013*,6,0,0,0,17,208,0,172.0,1.0
C.J. Prosise,22,RB,Notre Dame,90,2014*,6,10,126,1,17,208,0,172.0,1.0
C.J. Prosise,22,RB,Notre Dame,90,2015*,6,156,1032,11,17,208,0,172.0,1.0
Tyler Ervin,22,RB,San Jose St.,119,2011,12,29,107,1,3,17,0,,
Tyler Ervin,22,RB,San Jose St.,119,2012*,9,45,205,1,10,126,1,,
Tyler Ervin,22,RB,San Jose St.,119,2013,1,2,2,0,0,0,0,,
Tyler Ervin,22,RB,San Jose St.,119,2014,12,158,888,4,29,306,1,,
Tyler Ervin,22,RB,San Jose St.,119,2015*,13,294,1601,13,45,334,2,,
Kenneth Dixon,22,RB,Louisiana Tech,134,2012,12,200,1194,27,30,162,1,382.0,2.0
Kenneth Dixon,22,RB,Louisiana Tech,134,2013,12,151,917,4,30,162,1,382.0,2.0
Kenneth Dixon,22,RB,Louisiana Tech,134,2014*,12,253,1299,22,30,162,1,382.0,2.0
Kenneth Dixon,22,RB,Louisiana Tech,134,2015*,12,197,1070,19,30,162,1,382.0,2.0
Devontae Booker,24,RB,Utah,136,2014*,16,292,1512,10,31,265,1,612.0,4.0
Devontae Booker,24,RB,Utah,136,2015*,16,268,1261,11,31,265,1,612.0,4.0
DeAndre Washington,23,RB,Texas Tech,143,2011,14,77,366,3,17,115,0,467.0,2.0
DeAndre Washington,23,RB,Texas Tech,143,2013*,14,107,450,4,17,115,0,467.0,2.0
DeAndre Washington,23,RB,Texas Tech,143,2014,14,188,1103,2,17,115,0,467.0,2.0
DeAndre Washington,23,RB,Texas Tech,143,2015*,14,233,1492,14,17,115,0,467.0,2.0
Paul Perkins,21,RB,UCLA,149,2013*,14,134,573,6,15,162,0,456.0,0.0
Paul Perkins,21,RB,UCLA,149,2014*,14,251,1575,9,15,162,0,456.0,0.0
Paul Perkins,21,RB,UCLA,149,2015*,14,237,1343,14,15,162,0,456.0,0.0
Jordan Howard,21,RB,Indiana,150,2013,15,145,881,2,29,298,1,1313.0,6.0
Jordan Howard,21,RB,Indiana,150,2014,15,306,1587,13,29,298,1,1313.0,6.0
Jordan Howard,21,RB,Indiana,150,2015*,15,196,1213,9,29,298,1,1313.0,6.0
Wendell Smallwood,22,RB,West Virginia,153,2013,13,39,221,1,6,55,0,312.0,1.0
Wendell Smallwood,22,RB,West Virginia,153,2014*,13,148,722,2,6,55,0,312.0,1.0
Wendell Smallwood,22,RB,West Virginia,153,2015*,13,238,1519,9,6,55,0,312.0,1.0
Jonathan Williams,22,RB,Arkansas,156,2012,11,45,231,0,1,0,0,94.0,1.0
Jonathan Williams,22,RB,Arkansas,156,2013,11,150,900,4,1,0,0,94.0,1.0
Jonathan Williams,22,RB,Arkansas,156,2014*,11,211,1190,12,1,0,0,94.0,1.0
Jonathan Williams,22,RB,Arkansas,156,2015*,11,0,0,0,1,0,0,94.0,1.0
Alex Collins,22,RB,Arkansas,171,2013,11,190,1026,4,11,84,0,125.0,1.0
Alex Collins,22,RB,Arkansas,171,2014*,11,204,1100,12,11,84,0,125.0,1.0
Alex Collins,22,RB,Arkansas,171,2015*,11,271,1577,20,11,84,0,125.0,1.0
Keenan Reynolds,22,RB,Navy,182,2012*,13,162,649,10,0,0,0,,
Keenan Reynolds,22,RB,Navy,182,2013*,13,300,1346,31,0,0,0,,
Keenan Reynolds,22,RB,Navy,182,2014*,11,250,1191,23,0,0,0,,
Keenan Reynolds,22,RB,Navy,182,2015*,13,265,1373,24,1,47,0,,
Kelvin Taylor,22,RB,Florida,211,2013,9,111,508,4,5,37,0,,
Kelvin Taylor,22,RB,Florida,211,2014*,12,116,565,6,2,-8,0,,
Kelvin Taylor,22,RB,Florida,211,2015*,14,259,1035,13,17,150,0,,
Darius Jackson,22,RB,Eastern Michigan,216,2012,4,3,12,0,0,0,0,16.0,0.0
Darius Jackson,22,RB,Eastern Michigan,216,2013,4,49,201,2,0,0,0,16.0,0.0
Darius Jackson,22,RB,Eastern Michigan,216,2014,4,61,295,1,0,0,0,16.0,0.0
Darius Jackson,22,RB,Eastern Michigan,216,2015,4,208,1078,14,0,0,0,16.0,0.0
Dwayne Washington,22,RB,Washington,236,2013*,12,47,332,4,10,62,0,265.0,1.0
Dwayne Washington,22,RB,Washington,236,2014*,12,132,697,9,10,62,0,265.0,1.0
Dwayne Washington,22,RB,Washington,236,2015*,12,47,282,4,10,62,0,265.0,1.0
Daniel Lasco,23,RB,California,237,2012,7,6,109,1,2,11,0,32.0,0.0
Daniel Lasco,23,RB,California,237,2013,7,67,317,2,2,11,0,32.0,0.0
Daniel Lasco,23,RB,California,237,2014,7,210,1115,12,2,11,0,32.0,0.0
Daniel Lasco,23,RB,California,237,2015*,7,65,331,3,2,11,0,32.0,0.0
Keith Marshall,22,RB,Georgia,242,2012*,14,117,759,8,11,91,1,,
Keith Marshall,22,RB,Georgia,242,2013*,5,56,246,1,8,111,1,,
Keith Marshall,22,RB,Georgia,242,2014*,3,12,24,0,1,-5,0,,
Keith Marshall,22,RB,Georgia,242,2015*,11,68,350,3,4,28,1,,
Zac Brooks,23,RB,Clemson,247,2012*,8,26,119,0,3,9,0,,
Zac Brooks,23,RB,Clemson,247,2013*,9,48,246,2,6,83,1,,
Zac Brooks,23,RB,Clemson,247,2015*,14,41,234,3,9,113,2,,
Leonard Fournette,22,RB,LSU,4,2014*,13,187,1034,10,36,302,1,1040.0,9.0
Leonard Fournette,22,RB,LSU,4,2015*,13,300,1953,22,36,302,1,1040.0,9.0
Leonard Fournette,22,RB,LSU,4,2016*,13,129,843,8,36,302,1,1040.0,9.0
Christian McCaffrey,21,RB,Stanford,8,2014*,16,42,300,0,80,651,5,435.0,2.0
Christian McCaffrey,21,RB,Stanford,8,2015*,16,337,2019,8,80,651,5,435.0,2.0
Christian McCaffrey,21,RB,Stanford,8,2016*,16,253,1603,13,80,651,5,435.0,2.0
Dalvin Cook,22,RB,Florida St.,41,2014*,4,170,1008,8,11,90,0,354.0,2.0
Dalvin Cook,22,RB,Florida St.,41,2015*,4,229,1691,19,11,90,0,354.0,2.0
Dalvin Cook,22,RB,Florida St.,41,2016*,4,288,1765,19,11,90,0,354.0,2.0
Joe Mixon,21,RB,Oklahoma,48,2015*,14,113,753,7,30,287,0,626.0,4.0
Joe Mixon,21,RB,Oklahoma,48,2016*,14,187,1274,10,30,287,0,626.0,4.0
Alvin Kamara,22,RB,Tennessee,67,2015*,16,107,698,7,81,826,5,728.0,8.0
Alvin Kamara,22,RB,Tennessee,67,2016*,16,103,596,9,81,826,5,728.0,8.0
Kareem Hunt,22,RB,Toledo,86,2013,16,137,866,6,53,455,3,1327.0,8.0
Kareem Hunt,22,RB,Toledo,86,2014*,16,205,1631,16,53,455,3,1327.0,8.0
Kareem Hunt,22,RB,Toledo,86,2015*,16,178,973,12,53,455,3,1327.0,8.0
Kareem Hunt,22,RB,Toledo,86,2016*,16,262,1475,10,53,455,3,1327.0,8.0
D'Onta Foreman,21,RB,Texas,89,2014*,10,15,73,0,6,83,0,327.0,2.0
D'Onta Foreman,21,RB,Texas,89,2015,10,95,681,5,6,83,0,327.0,2.0
D'Onta Foreman,21,RB,Texas,89,2016,10,323,2028,15,6,83,0,327.0,2.0
James Conner,22,RB,Pittsburgh,105,2013*,14,146,799,8,0,0,0,144.0,0.0
James Conner,22,RB,Pittsburgh,105,2014*,14,298,1765,26,0,0,0,144.0,0.0
James Conner,22,RB,Pittsburgh,105,2015*,14,8,77,2,0,0,0,144.0,0.0
James Conner,22,RB,Pittsburgh,105,2016*,14,216,1092,16,0,0,0,144.0,0.0
Samaje Perine,21,RB,Oklahoma,114,2014*,16,263,1713,21,22,182,1,603.0,1.0
Samaje Perine,21,RB,Oklahoma,114,2015*,16,226,1349,16,22,182,1,603.0,1.0
Samaje Perine,21,RB,Oklahoma,114,2016*,16,196,1060,12,22,182,1,603.0,1.0
Joe Williams,24,RB,Utah,121,2015*,10,104,477,3,11,84,0,,
Joe Williams,24,RB,Utah,121,2016*,9,210,1407,10,9,107,0,,
Donnel Pumphrey,22,RB,San Diego St.,132,2013*,13,125,752,8,22,234,2,,
Donnel Pumphrey,22,RB,San Diego St.,132,2014*,13,276,1867,20,23,160,0,,
Donnel Pumphrey,22,RB,San Diego St.,132,2015*,14,309,1653,17,28,416,3,,
Donnel Pumphrey,22,RB,San Diego St.,132,2016*,14,349,2133,17,27,231,0,,
Jamaal Williams,22,RB,BYU,134,2012*,16,166,775,12,25,262,2,556.0,4.0
Jamaal Williams,22,RB,BYU,134,2013*,16,217,1233,7,25,262,2,556.0,4.0
Jamaal Williams,22,RB,BYU,134,2014*,16,109,518,4,25,262,2,556.0,4.0
Jamaal Williams,22,RB,BYU,134,2016*,16,234,1375,12,25,262,2,556.0,4.0
Wayne Gallman,22,RB,Clemson,140,2014*,13,161,769,4,34,193,1,476.0,0.0
Wayne Gallman,22,RB,Clemson,140,2015*,13,283,1527,13,34,193,1,476.0,0.0
Wayne Gallman,22,RB,Clemson,140,2016*,13,232,1133,17,34,193,1,476.0,0.0
Marlon Mack,21,RB,South Florida,143,2014,14,202,1041,9,21,225,1,358.0,3.0
Marlon Mack,21,RB,South Florida,143,2015*,14,210,1381,8,21,225,1,358.0,3.0
Marlon Mack,21,RB,South Florida,143,2016*,14,174,1187,15,21,225,1,358.0,3.0
Brian Hill,21,RB,Wyoming,156,2014,7,145,796,7,2,36,0,37.0,0.0
Brian Hill,21,RB,Wyoming,156,2015,7,281,1631,6,2,36,0,37.0,0.0
Brian Hill,21,RB,Wyoming,156,2016*,7,349,1860,22,2,36,0,37.0,0.0
Jeremy McNichols,21,RB,Boise St.,162,2014*,2,17,159,1,0,0,0,0.0,0.0
Jeremy McNichols,21,RB,Boise St.,162,2015*,2,240,1337,20,0,0,0,0.0,0.0
Jeremy McNichols,21,RB,Boise St.,162,2016*,2,314,1709,23,0,0,0,0.0,0.0
T.J. Logan,23,RB,North Carolina,179,2013*,9,93,533,4,10,124,0,,
T.J. Logan,23,RB,North Carolina,179,2014*,13,119,582,3,26,144,0,,
T.J. Logan,23,RB,North Carolina,179,2015*,14,66,400,5,11,151,1,,
T.J. Logan,23,RB,North Carolina,179,2016*,13,120,650,7,29,244,3,,
Aaron Jones,22,RB,Texas-El Paso,182,2013,12,155,811,4,9,22,0,448.0,4.0
Aaron Jones,22,RB,Texas-El Paso,182,2014*,12,242,1321,11,9,22,0,448.0,4.0
Aaron Jones,22,RB,Texas-El Paso,182,2015,12,32,209,1,9,22,0,448.0,4.0
Aaron Jones,22,RB,Texas-El Paso,182,2016,12,229,1773,17,9,22,0,448.0,4.0
Elijah McGuire,23,RB,Louisiana,188,2013*,16,103,863,8,17,177,1,315.0,1.0
Elijah McGuire,23,RB,Louisiana,188,2014*,16,166,1264,14,17,177,1,315.0,1.0
Elijah McGuire,23,RB,Louisiana,188,2015,16,210,1058,13,17,177,1,315.0,1.0
Elijah McGuire,23,RB,Louisiana,188,2016*,16,232,1127,7,17,177,1,315.0,1.0
Brandon Wilson,23,RB,Houston,207,2013*,4,0,0,0,0,0,0,,
Brandon Wilson,23,RB,Houston,207,2014*,13,0,0,0,0,0,0,,
Brandon Wilson,23,RB,Houston,207,2015*,14,37,188,2,6,49,0,,
Brandon Wilson,23,RB,Houston,207,2016*,10,4,6,0,5,52,0,,
Devante Mays,23,RB,Utah St.,238,2015*,8,165,966,9,3,0,0,1.0,0.0
Devante Mays,23,RB,Utah St.,238,2016,8,37,259,3,3,0,0,1.0,0.0
Khalfani Muhammad,22,RB,California,241,2013,11,74,445,4,14,187,1,,
Khalfani Muhammad,22,RB,California,241,2014,11,46,215,4,7,63,0,,
Khalfani Muhammad,22,RB,California,241,2015*,12,87,586,1,17,189,2,,
Khalfani Muhammad,22,RB,California,241,2016,11,152,827,2,17,132,0,,
Elijah Hood,21,RB,North Carolina,242,2014*,9,67,259,4,2,-2,0,,
Elijah Hood,21,RB,North Carolina,242,2015*,14,219,1463,17,13,71,0,,
Elijah Hood,21,RB,North Carolina,242,2016*,11,145,858,8,25,142,0,,
Chris Carson,22,RB,Oklahoma St.,249,2015*,4,131,517,4,7,59,1,208.0,0.0
Chris Carson,22,RB,Oklahoma St.,249,2016*,4,82,559,9,7,59,1,208.0,0.0
Matthew Dayes,23,RB,North Carolina St.,252,2013,16,63,252,4,4,29,0,13.0,0.0
Matthew Dayes,23,RB,North Carolina St.,252,2014*,16,104,573,8,4,29,0,13.0,0.0
Matthew Dayes,23,RB,North Carolina St.,252,2015*,16,134,865,12,4,29,0,13.0,0.0
Matthew Dayes,23,RB,North Carolina St.,252,2016*,16,249,1166,10,4,29,0,13.0,0.0
Saquon Barkley,21,RB,Penn St.,2,2015*,16,182,1076,7,91,721,4,1307.0,11.0
Saquon Barkley,21,RB,Penn St.,2,2016*,16,272,1496,18,91,721,4,1307.0,11.0
Saquon Barkley,21,RB,Penn St.,2,2017*,16,217,1271,18,91,721,4,1307.0,11.0
Rashaad Penny,22,RB,San Diego St.,27,2014*,14,2,22,0,9,75,0,419.0,2.0
Rashaad Penny,22,RB,San Diego St.,27,2015*,14,61,368,4,9,75,0,419.0,2.0
Rashaad Penny,22,RB,San Diego St.,27,2016*,14,136,1018,11,9,75,0,419.0,2.0
Rashaad Penny,22,RB,San Diego St.,27,2017*,14,289,2248,23,9,75,0,419.0,2.0
Sony Michel,23,RB,Georgia,31,2014*,13,64,410,5,7,50,0,931.0,6.0
Sony Michel,23,RB,Georgia,31,2015*,13,219,1161,8,7,50,0,931.0,6.0
Sony Michel,23,RB,Georgia,31,2016*,13,152,840,4,7,50,0,931.0,6.0
Sony Michel,23,RB,Georgia,31,2017*,13,156,1227,16,7,50,0,931.0,6.0
Nick Chubb,22,RB,Georgia,35,2014*,16,219,1547,14,20,149,2,996.0,8.0
Nick Chubb,22,RB,Georgia,35,2015*,16,92,747,7,20,149,2,996.0,8.0
Nick Chubb,22,RB,Georgia,35,2016*,16,224,1130,8,20,149,2,996.0,8.0
Nick Chubb,22,RB,Georgia,35,2017*,16,223,1345,15,20,149,2,996.0,8.0
Ronald Jones II,21,RB,USC,38,2015*,9,153,987,8,7,33,0,44.0,1.0
Ronald Jones II,21,RB,USC,38,2016*,9,177,1082,12,7,33,0,44.0,1.0
Ronald Jones II,21,RB,USC,38,2017*,9,261,1550,19,7,33,0,44.0,1.0
Kerryon Johnson,21,RB,Auburn,43,2015*,10,52,208,3,32,213,1,641.0,3.0
Kerryon Johnson,21,RB,Auburn,43,2016*,10,182,895,11,32,213,1,641.0,3.0
Kerryon Johnson,21,RB,Auburn,43,2017*,10,285,1391,18,32,213,1,641.0,3.0
Derrius Guice,21,RB,LSU,59,2015*,5,51,436,3,7,79,1,245.0,2.0
Derrius Guice,21,RB,LSU,59,2016*,5,183,1387,15,7,79,1,245.0,2.0
Derrius Guice,21,RB,LSU,59,2017*,5,237,1251,11,7,79,1,245.0,2.0
Royce Freeman,22,RB,Oregon,71,2014*,14,252,1365,18,14,72,0,521.0,5.0
Royce Freeman,22,RB,Oregon,71,2015*,14,283,1836,17,14,72,0,521.0,5.0
Royce Freeman,22,RB,Oregon,71,2016,14,168,945,9,14,72,0,521.0,5.0
Royce Freeman,22,RB,Oregon,71,2017*,14,244,1475,16,14,72,0,521.0,5.0
Nyheim Hines,21,RB,North Carolina St.,104,2015*,16,48,243,1,63,425,2,314.0,2.0
Nyheim Hines,21,RB,North Carolina St.,104,2016*,16,13,44,0,63,425,2,314.0,2.0
Nyheim Hines,21,RB,North Carolina St.,104,2017*,16,197,1112,12,63,425,2,314.0,2.0
Mark Walton,21,RB,Miami (FL),112,2015*,14,129,450,9,5,41,0,34.0,0.0
Mark Walton,21,RB,Miami (FL),112,2016*,14,209,1117,14,5,41,0,34.0,0.0
Mark Walton,21,RB,Miami (FL),112,2017*,14,56,428,3,5,41,0,34.0,0.0
Ito Smith,22,RB,Southern Miss,126,2014,14,136,536,2,27,152,0,315.0,4.0
Ito Smith,22,RB,Southern Miss,126,2015*,14,171,1128,10,27,152,0,315.0,4.0
Ito Smith,22,RB,Southern Miss,126,2016*,14,265,1459,17,27,152,0,315.0,4.0
Ito Smith,22,RB,Southern Miss,126,2017*,14,248,1413,13,27,152,0,315.0,4.0
Kalen Ballage,22,RB,Arizona St.,131,2014*,12,42,126,3,9,56,0,191.0,1.0
Kalen Ballage,22,RB,Arizona St.,131,2015*,12,125,653,4,9,56,0,191.0,1.0
Kalen Ballage,22,RB,Arizona St.,131,2016,12,126,536,14,9,56,0,191.0,1.0
Kalen Ballage,22,RB,Arizona St.,131,2017*,12,157,669,6,9,56,0,191.0,1.0
Jordan Wilkins,24,RB,Mississippi,169,2014*,16,52,361,1,16,85,0,336.0,1.0
Jordan Wilkins,24,RB,Mississippi,169,2015*,16,72,379,4,16,85,0,336.0,1.0
Jordan Wilkins,24,RB,Mississippi,169,2017,16,155,1011,9,16,85,0,336.0,1.0
John Kelly,21,RB,Tennessee,176,2015*,4,40,165,1,2,27,0,74.0,0.0
John Kelly,21,RB,Tennessee,176,2016*,4,98,630,5,2,27,0,74.0,0.0
John Kelly,21,RB,Tennessee,176,2017,4,189,778,9,2,27,0,74.0,0.0
Boston Scott,23,RB,Louisiana Tech,201,2013,2,0,0,0,0,0,0,0.0,0.0
Boston Scott,23,RB,Louisiana Tech,201,2014*,2,1,3,0,0,0,0,0.0,0.0
Boston Scott,23,RB,Louisiana Tech,201,2015*,2,34,275,0,0,0,0,0.0,0.0
Boston Scott,23,RB,Louisiana Tech,201,2016*,2,70,515,6,0,0,0,0.0,0.0
Boston Scott,23,RB,Louisiana Tech,201,2017*,2,182,1040,8,0,0,0,0.0,0.0
David Williams,24,RB,Arkansas,226,2014*,6,45,256,2,0,0,0,36.0,0.0
David Williams,24,RB,Arkansas,226,2015,6,86,299,0,0,0,0,36.0,0.0
David Williams,24,RB,Arkansas,226,2016*,6,56,239,3,0,0,0,36.0,0.0
David Williams,24,RB,Arkansas,226,2017,6,117,656,8,0,0,0,36.0,0.0
Bo Scarbrough,23,RB,Alabama,236,2015*,6,18,104,1,1,5,0,377.0,1.0
Bo Scarbrough,23,RB,Alabama,236,2016*,6,125,812,11,1,5,0,377.0,1.0
Bo Scarbrough,23,RB,Alabama,236,2017*,6,124,596,8,1,5,0,377.0,1.0
Nick Bawden,22,RB,San Diego St.,237,2014*,6,11,43,0,0,0,0,,
Nick Bawden,22,RB,San Diego St.,237,2015*,9,0,0,0,0,0,0,,
Nick Bawden,22,RB,San Diego St.,237,2016*,13,1,4,0,15,137,0,,
Nick Bawden,22,RB,San Diego St.,237,2017*,12,0,0,0,15,103,1,,
Justin Jackson,22,RB,Northwestern,251,2014,13,245,1187,10,15,135,0,206.0,2.0
Justin Jackson,22,RB,Northwestern,251,2015*,13,312,1418,5,15,135,0,206.0,2.0
Justin Jackson,22,RB,Northwestern,251,2016*,13,298,1524,15,15,135,0,206.0,2.0
Justin Jackson,22,RB,Northwestern,251,2017*,13,287,1311,11,15,135,0,206.0,2.0
Josh Jacobs,21,RB,Alabama,24,2016*,13,85,567,4,20,166,0,1150.0,7.0
Josh Jacobs,21,RB,Alabama,24,2017*,13,46,284,1,20,166,0,1150.0,7.0
Josh Jacobs,21,RB,Alabama,24,2018*,13,120,640,11,20,166,0,1150.0,7.0
Miles Sanders,22,RB,Penn St.,53,2016*,16,25,184,1,50,509,3,818.0,3.0
Miles Sanders,22,RB,Penn St.,53,2017*,16,31,191,2,50,509,3,818.0,3.0
Miles Sanders,22,RB,Penn St.,53,2018*,16,220,1274,9,50,509,3,818.0,3.0
Darrell Henderson,22,RB,Memphis,70,2016*,13,87,482,5,4,37,0,147.0,0.0
Darrell Henderson,22,RB,Memphis,70,2017*,13,130,1154,9,4,37,0,147.0,0.0
Darrell Henderson,22,RB,Memphis,70,2018*,13,214,1909,22,4,37,0,147.0,0.0
David Montgomery,22,RB,Iowa St.,73,2016,16,109,563,2,25,185,1,889.0,6.0
David Montgomery,22,RB,Iowa St.,73,2017*,16,258,1146,11,25,185,1,889.0,6.0
David Montgomery,22,RB,Iowa St.,73,2018*,16,257,1216,13,25,185,1,889.0,6.0
Devin Singletary,22,RB,Florida Atlantic,74,2016,12,152,1021,12,29,194,2,775.0,2.0
Devin Singletary,22,RB,Florida Atlantic,74,2017*,12,301,1920,32,29,194,2,775.0,2.0
Devin Singletary,22,RB,Florida Atlantic,74,2018,12,261,1348,22,29,194,2,775.0,2.0
Damien Harris,22,RB,Alabama,87,2015*,2,36,113,0,0,0,0,12.0,0.0
Damien Harris,22,RB,Alabama,87,2016*,2,120,790,1,0,0,0,12.0,0.0
Damien Harris,22,RB,Alabama,87,2017*,2,135,1000,11,0,0,0,12.0,0.0
Damien Harris,22,RB,Alabama,87,2018*,2,150,876,9,0,0,0,12.0,0.0
Alexander Mattison,21,RB,Boise St.,102,2016*,13,67,328,4,10,82,0,462.0,1.0
Alexander Mattison,21,RB,Boise St.,102,2017*,13,212,1086,12,10,82,0,462.0,1.0
Alexander Mattison,21,RB,Boise St.,102,2018,13,302,1415,17,10,82,0,462.0,1.0
Bryce Love,22,RB,Stanford,112,2015*,14,29,226,2,15,250,1,,
Bryce Love,22,RB,Stanford,112,2016*,12,111,783,3,8,83,1,,
Bryce Love,22,RB,Stanford,112,2017*,13,263,2118,19,6,33,0,,
Bryce Love,22,RB,Stanford,112,2018*,10,166,739,6,20,99,0,,
Justice Hill,21,RB,Oklahoma St.,113,2016*,16,206,1142,6,8,70,0,225.0,2.0
Justice Hill,21,RB,Oklahoma St.,113,2017*,16,268,1467,15,8,70,0,225.0,2.0
Justice Hill,21,RB,Oklahoma St.,113,2018*,16,158,930,9,8,70,0,225.0,2.0
Benny Snell Jr.,21,RB,Kentucky,122,2016*,13,186,1091,13,3,23,0,426.0,2.0
Benny Snell Jr.,21,RB,Kentucky,122,2017*,13,262,1333,19,3,23,0,426.0,2.0
Benny Snell Jr.,21,RB,Kentucky,122,2018*,13,289,1449,16,3,23,0,426.0,2.0
Tony Pollard,22,RB,Memphis,128,2016*,15,31,159,1,15,107,1,455.0,2.0
Tony Pollard,22,RB,Memphis,128,2017*,15,30,230,2,15,107,1,455.0,2.0
Tony Pollard,22,RB,Memphis,128,2018*,15,78,552,6,15,107,1,455.0,2.0
Ryquell Armstead,22,RB,Temple,140,2015*,16,51,191,2,14,144,2,108.0,0.0
Ryquell Armstead,22,RB,Temple,140,2016*,16,156,919,14,14,144,2,108.0,0.0
Ryquell Armstead,22,RB,Temple,140,2017*,16,156,604,5,14,144,2,108.0,0.0
Ryquell Armstead,22,RB,Temple,140,2018*,16,210,1098,13,14,144,2,108.0,0.0
Qadree Ollison,22,RB,Pittsburgh,152,2015*,8,212,1121,11,1,7,0,50.0,4.0
Qadree Ollison,22,RB,Pittsburgh,152,2016*,8,33,127,2,1,7,0,50.0,4.0
Qadree Ollison,22,RB,Pittsburgh,152,2017,8,90,398,5,1,7,0,50.0,4.0
Qadree Ollison,22,RB,Pittsburgh,152,2018*,8,194,1213,11,1,7,0,50.0,4.0
Jordan Scarlett,23,RB,Florida,154,2015*,9,34,181,1,0,0,0,9.0,0.0
Jordan Scarlett,23,RB,Florida,154,2016*,9,179,889,6,0,0,0,9.0,0.0
Jordan Scarlett,23,RB,Florida,154,2018*,9,131,776,5,0,0,0,9.0,0.0
Trayveon Williams,21,RB,Texas A&M,182,2016*,11,156,1057,8,0,0,0,0.0,0.0
Trayveon Williams,21,RB,Texas A&M,182,2017*,11,173,798,8,0,0,0,0.0,0.0
Trayveon Williams,21,RB,Texas A&M,182,2018*,11,271,1760,18,0,0,0,0.0,0.0
Ty Johnson,21,RB,Maryland,186,2015,16,35,250,3,24,109,0,273.0,0.0
Ty Johnson,21,RB,Maryland,186,2016*,16,110,1004,6,24,109,0,273.0,0.0
Ty Johnson,21,RB,Maryland,186,2017,16,137,875,5,24,109,0,273.0,0.0
Ty Johnson,21,RB,Maryland,186,2018,16,66,506,3,24,109,0,273.0,0.0
Dexter Williams,22,RB,Notre Dame,194,2015*,4,21,81,1,0,0,0,11.0,0.0
Dexter Williams,22,RB,Notre Dame,194,2016,4,39,200,3,0,0,0,11.0,0.0
Dexter Williams,22,RB,Notre Dame,194,2017*,4,39,360,4,0,0,0,11.0,0.0
Dexter Williams,22,RB,Notre Dame,194,2018*,4,158,995,12,0,0,0,11.0,0.0
Travis Homer,21,RB,Miami (FL),204,2016*,16,7,44,0,11,56,0,114.0,0.0
Travis Homer,21,RB,Miami (FL),204,2017*,16,163,966,8,11,56,0,114.0,0.0
Travis Homer,21,RB,Miami (FL),204,2018*,16,164,985,4,11,56,0,114.0,0.0
Rodney Anderson,22,RB,Oklahoma,211,2015*,2,1,5,0,0,0,0,,
Rodney Anderson,22,RB,Oklahoma,211,2017*,14,188,1161,13,17,281,5,,
Rodney Anderson,22,RB,Oklahoma,211,2018*,2,11,119,3,0,0,0,,
Darwin Thompson,22,RB,Utah St.,214,2018*,12,153,1044,14,9,43,0,128.0,1.0
Mike Weber,22,RB,Ohio St.,218,2016*,13,182,1096,9,23,91,0,,
Mike Weber,22,RB,Ohio St.,218,2017*,12,101,626,10,10,94,0,,
Mike Weber,22,RB,Ohio St.,218,2018*,13,172,954,5,21,112,1,,
Cullen Gillaspia,24,RB,Texas A&M,220,2015*,1,0,0,0,0,0,0,,
Cullen Gillaspia,24,RB,Texas A&M,220,2016*,13,0,0,0,0,0,0,,
Cullen Gillaspia,24,RB,Texas A&M,220,2017*,13,0,0,0,0,0,0,,
Cullen Gillaspia,24,RB,Texas A&M,220,2018*,13,5,33,1,5,52,0,,
Kerrith Whyte Jr,22,RB,Florida Atlantic,222,2016,6,43,145,1,1,9,0,122.0,0.0
Kerrith Whyte Jr,22,RB,Florida Atlantic,222,2017*,6,55,347,2,1,9,0,122.0,0.0
Kerrith Whyte Jr,22,RB,Florida Atlantic,222,2018,6,134,866,8,1,9,0,122.0,0.0
Chandler Cox,23,RB,Auburn,233,2015*,13,0,0,0,3,25,0,,
Chandler Cox,23,RB,Auburn,233,2016*,12,7,15,1,4,41,0,,
Chandler Cox,23,RB,Auburn,233,2017*,14,1,0,0,8,78,0,,
Chandler Cox,23,RB,Auburn,233,2018*,13,3,3,2,11,93,1,,
Myles Gaskin,22,RB,Washington,234,2015*,7,227,1302,14,7,51,0,133.0,1.0
Myles Gaskin,22,RB,Washington,234,2016*,7,237,1373,10,7,51,0,133.0,1.0
Myles Gaskin,22,RB,Washington,234,2017*,7,222,1380,21,7,51,0,133.0,1.0
Myles Gaskin,22,RB,Washington,234,2018*,7,259,1268,12,7,51,0,133.0,1.0
Clyde Edwards-Helaire,21,RB,LSU,32,2017*,13,9,31,0,36,297,1,803.0,4.0
Clyde Edwards-Helaire,21,RB,LSU,32,2018*,13,146,658,7,36,297,1,803.0,4.0
Clyde Edwards-Helaire,21,RB,LSU,32,2019*,13,215,1414,16,36,297,1,803.0,4.0
D'Andre Swift,21,RB,Georgia,35,2017*,13,81,618,3,46,357,2,521.0,8.0
D'Andre Swift,21,RB,Georgia,35,2018*,13,163,1049,10,46,357,2,521.0,8.0
D'Andre Swift,21,RB,Georgia,35,2019*,13,196,1218,7,46,357,2,521.0,8.0
Jonathan Taylor,21,RB,Wisconsin,41,2017*,15,299,1977,13,36,299,1,1169.0,11.0
Jonathan Taylor,21,RB,Wisconsin,41,2018*,15,307,2194,16,36,299,1,1169.0,11.0
Jonathan Taylor,21,RB,Wisconsin,41,2019*,15,320,2003,21,36,299,1,1169.0,11.0
Cam Akers,21,RB,Florida St.,52,2017*,13,194,1024,7,11,123,1,625.0,2.0
Cam Akers,21,RB,Florida St.,52,2018,13,161,706,6,11,123,1,625.0,2.0
Cam Akers,21,RB,Florida St.,52,2019*,13,231,1144,14,11,123,1,625.0,2.0
J.K. Dobbins,21,RB,Ohio St.,55,2017*,15,194,1403,7,18,120,0,805.0,9.0
J.K. Dobbins,21,RB,Ohio St.,55,2018*,15,230,1053,10,18,120,0,805.0,9.0
J.K. Dobbins,21,RB,Ohio St.,55,2019*,15,301,2003,21,18,120,0,805.0,9.0
AJ Dillon,22,RB,Boston Col.,62,2017*,11,300,1589,14,2,21,0,242.0,2.0
AJ Dillon,22,RB,Boston Col.,62,2018,11,227,1108,10,2,21,0,242.0,2.0
AJ Dillon,22,RB,Boston Col.,62,2019*,11,318,1685,14,2,21,0,242.0,2.0
Antonio Gibson,22,RB,Memphis,66,2018*,14,0,0,0,36,247,0,795.0,11.0
Antonio Gibson,22,RB,Memphis,66,2019*,14,33,369,4,36,247,0,795.0,11.0
Ke'Shawn Vaughn,23,RB,Illinois,76,2015,10,157,723,6,5,34,1,109.0,0.0
Ke'Shawn Vaughn,23,RB,Illinois,76,2016,10,60,301,3,5,34,1,109.0,0.0
Ke'Shawn Vaughn,23,RB,Illinois,76,2018*,10,157,1244,12,5,34,1,109.0,0.0
Ke'Shawn Vaughn,23,RB,Illinois,76,2019,10,198,1028,9,5,34,1,109.0,0.0
Zack Moss,22,RB,Utah,86,2016*,13,84,382,2,14,95,1,481.0,4.0
Zack Moss,22,RB,Utah,86,2017*,13,214,1173,10,14,95,1,481.0,4.0
Zack Moss,22,RB,Utah,86,2018*,13,179,1096,11,14,95,1,481.0,4.0
Zack Moss,22,RB,Utah,86,2019*,13,235,1416,15,14,95,1,481.0,4.0
Darrynton Evans,22,RB,Appalachian St.,93,2016*,5,48,217,0,2,27,1,54.0,0.0
Darrynton Evans,22,RB,Appalachian St.,93,2018*,5,179,1187,7,2,27,1,54.0,0.0
Darrynton Evans,22,RB,Appalachian St.,93,2019*,5,255,1480,18,2,27,1,54.0,0.0
Joshua Kelley,22,RB,UCLA,112,2018,14,225,1243,12,23,148,0,354.0,2.0
Joshua Kelley,22,RB,UCLA,112,2019,14,229,1060,12,23,148,0,354.0,2.0
La'Mical Perine,22,RB,Florida,120,2016*,10,91,421,1,11,63,0,232.0,2.0
La'Mical Perine,22,RB,Florida,120,2017,10,136,562,8,11,63,0,232.0,2.0
La'Mical Perine,22,RB,Florida,120,2018*,10,134,826,7,11,63,0,232.0,2.0
La'Mical Perine,22,RB,Florida,120,2019*,10,132,676,6,11,63,0,232.0,2.0
Anthony McFarland Jr.,22,RB,Maryland,124,2018,11,131,1034,4,6,54,0,113.0,0.0
Anthony McFarland Jr.,22,RB,Maryland,124,2019,11,114,614,8,6,54,0,113.0,0.0
DeeJay Dallas,21,RB,Miami (FL),144,2017*,12,41,217,3,17,111,1,108.0,2.0
DeeJay Dallas,21,RB,Miami (FL),144,2018*,12,109,617,6,17,111,1,108.0,2.0
DeeJay Dallas,21,RB,Miami (FL),144,2019*,12,115,693,8,17,111,1,108.0,2.0
Jason Huntley,22,RB,New Mexico St.,172,2016,5,40,167,1,1,0,0,19.0,0.0
Jason Huntley,22,RB,New Mexico St.,172,2017*,5,70,420,1,1,0,0,19.0,0.0
Jason Huntley,22,RB,New Mexico St.,172,2018,5,109,505,7,1,0,0,19.0,0.0
Jason Huntley,22,RB,New Mexico St.,172,2019,5,154,1090,9,1,0,0,19.0,0.0
Eno Benjamin,21,RB,Arizona St.,222,2017*,9,23,142,1,6,42,0,118.0,1.0
Eno Benjamin,21,RB,Arizona St.,222,2018*,9,300,1642,16,6,42,0,118.0,1.0
Eno Benjamin,21,RB,Arizona St.,222,2019*,9,253,1083,10,6,42,0,118.0,1.0
Raymond Calais,22,RB,Louisiana,245,2016*,9,23,117,1,0,0,0,,
Raymond Calais,22,RB,Louisiana,245,2017,12,15,88,1,1,9,0,,
Raymond Calais,22,RB,Louisiana,245,2018*,14,81,754,7,6,69,0,,
Raymond Calais,22,RB,Louisiana,245,2019*,14,117,886,6,10,67,1,,
Malcolm Perry,23,RB,Navy,246,2016*,3,9,73,1,0,0,0,,
Malcolm Perry,23,RB,Navy,246,2017*,12,138,1182,11,13,303,2,,
Malcolm Perry,23,RB,Navy,246,2018,13,172,1087,7,9,167,1,,
Malcolm Perry,23,RB,Navy,246,2019*,13,295,2017,21,0,0,0,,
Najee Harris,23,RB,Alabama,24,2017*,17,61,370,3,74,467,3,1200.0,7.0
Najee Harris,23,RB,Alabama,24,2018*,17,117,783,4,74,467,3,1200.0,7.0
Najee Harris,23,RB,Alabama,24,2019*,17,209,1224,13,74,467,3,1200.0,7.0
Najee Harris,23,RB,Alabama,24,2020*,17,251,1466,26,74,467,3,1200.0,7.0
Travis Etienne,22,RB,Clemson,25,2017*,17,107,766,13,35,316,0,1125.0,5.0
Travis Etienne,22,RB,Clemson,25,2018*,17,204,1658,24,35,316,0,1125.0,5.0
Travis Etienne,22,RB,Clemson,25,2019*,17,207,1614,19,35,316,0,1125.0,5.0
Travis Etienne,22,RB,Clemson,25,2020*,17,168,914,14,35,316,0,1125.0,5.0
Javonte Williams,21,RB,North Carolina,35,2018,17,43,224,5,43,316,3,903.0,4.0
Javonte Williams,21,RB,North Carolina,35,2019*,17,166,933,5,43,316,3,903.0,4.0
Javonte Williams,21,RB,North Carolina,35,2020*,17,157,1140,19,43,316,3,903.0,4.0
Trey Sermon,22,RB,Ohio St.,88,2017*,9,121,744,5,3,26,0,167.0,1.0
Trey Sermon,22,RB,Ohio St.,88,2018*,9,164,947,13,3,26,0,167.0,1.0
Trey Sermon,22,RB,Ohio St.,88,2019*,9,54,385,4,3,26,0,167.0,1.0
Trey Sermon,22,RB,Ohio St.,88,2020*,9,116,870,4,3,26,0,167.0,1.0
Michael Carter,22,RB,North Carolina,107,2017,14,97,558,8,36,325,0,639.0,4.0
Michael Carter,22,RB,North Carolina,107,2018,14,84,597,2,36,325,0,639.0,4.0
Michael Carter,22,RB,North Carolina,107,2019*,14,177,1003,3,36,325,0,639.0,4.0
Michael Carter,22,RB,North Carolina,107,2020*,14,156,1245,9,36,325,0,639.0,4.0
Kene Nwangwu,23,RB,Iowa St.,119,2016,11,27,133,0,4,9,0,61.0,0.0
Kene Nwangwu,23,RB,Iowa St.,119,2018*,11,39,157,0,4,9,0,61.0,0.0
Kene Nwangwu,23,RB,Iowa St.,119,2019*,11,16,115,0,4,9,0,61.0,0.0
Kene Nwangwu,23,RB,Iowa St.,119,2020*,11,61,339,4,4,9,0,61.0,0.0
Rhamondre Stevenson,23,RB,Oklahoma,120,2019*,12,64,515,6,14,123,0,606.0,5.0
Rhamondre Stevenson,23,RB,Oklahoma,120,2020*,12,101,665,7,14,123,0,606.0,5.0
Chuba Hubbard,22,RB,Oklahoma St.,126,2018*,17,124,740,7,25,174,1,612.0,5.0
Chuba Hubbard,22,RB,Oklahoma St.,126,2019*,17,328,2094,21,25,174,1,612.0,5.0
Chuba Hubbard,22,RB,Oklahoma St.,126,2020*,17,133,625,5,25,174,1,612.0,5.0
Kenneth Gainwell,22,RB,Memphis,150,2018*,16,4,91,1,33,253,1,291.0,5.0
Kenneth Gainwell,22,RB,Memphis,150,2019*,16,231,1459,13,33,253,1,291.0,5.0
Elijah Mitchell,23,RB,Louisiana,194,2017,11,42,257,4,19,137,1,963.0,5.0
Elijah Mitchell,23,RB,Louisiana,194,2018*,11,145,977,13,19,137,1,963.0,5.0
Elijah Mitchell,23,RB,Louisiana,194,2019*,11,198,1147,16,19,137,1,963.0,5.0
Elijah Mitchell,23,RB,Louisiana,194,2020*,11,141,878,8,19,137,1,963.0,5.0
Gary Brightwell,22,RB,Arizona,196,2017*,13,0,0,0,1,6,0,4.0,0.0
Gary Brightwell,22,RB,Arizona,196,2018,13,91,525,3,1,6,0,4.0,0.0
Gary Brightwell,22,RB,Arizona,196,2019,13,66,390,5,1,6,0,4.0,0.0
Gary Brightwell,22,RB,Arizona,196,2020,13,88,390,1,1,6,0,4.0,0.0
Larry Rountree,22,RB,Missouri,198,2017*,12,126,703,6,1,-1,0,87.0,1.0
Larry Rountree,22,RB,Missouri,198,2018*,12,225,1216,11,1,-1,0,87.0,1.0
Larry Rountree,22,RB,Missouri,198,2019,12,186,829,9,1,-1,0,87.0,1.0
Larry Rountree,22,RB,Missouri,198,2020,12,209,972,14,1,-1,0,87.0,1.0
Chris Evans,23,RB,Michigan,202,2016*,14,88,614,4,15,151,2,77.0,0.0
Chris Evans,23,RB,Michigan,202,2017*,14,135,685,6,15,151,2,77.0,0.0
Chris Evans,23,RB,Michigan,202,2018*,14,81,423,4,15,151,2,77.0,0.0
Chris Evans,23,RB,Michigan,202,2020,14,16,73,1,15,151,2,77.0,0.0
Demetric Felton,23,RB,UCLA,211,2017*,11,10,75,1,2,-2,0,,
Demetric Felton,23,RB,UCLA,211,2018,12,5,27,0,20,207,1,,
Demetric Felton,23,RB,UCLA,211,2019,12,86,331,1,55,594,4,,
Demetric Felton,23,RB,UCLA,211,2020,6,132,668,5,22,159,3,,
Khalil Herbert,23,RB,Virginia Tech,217,2016,17,44,189,3,14,96,0,433.0,2.0
Khalil Herbert,23,RB,Virginia Tech,217,2017,17,120,663,4,14,96,0,433.0,2.0
Khalil Herbert,23,RB,Virginia Tech,217,2018,17,113,499,5,14,96,0,433.0,2.0
Khalil Herbert,23,RB,Virginia Tech,217,2019,17,43,384,2,14,96,0,433.0,2.0
Khalil Herbert,23,RB,Virginia Tech,217,2020,17,154,1182,8,14,96,0,433.0,2.0
Jake Funk,23,RB,Maryland,233,2016*,10,29,136,1,0,0,0,5.0,0.0
Jake Funk,23,RB,Maryland,233,2017,10,27,145,4,0,0,0,5.0,0.0
Jake Funk,23,RB,Maryland,233,2018,10,2,-2,0,0,0,0,5.0,0.0
Jake Funk,23,RB,Maryland,233,2019,10,17,173,2,0,0,0,5.0,0.0
Jake Funk,23,RB,Maryland,233,2020,10,60,516,3,0,0,0,5.0,0.0
Gerrid Doaks,23,RB,Cincinnati,244,2017,9,87,513,2,14,135,1,,
Gerrid Doaks,23,RB,Cincinnati,244,2018*,1,0,0,0,0,0,0,,
Gerrid Doaks,23,RB,Cincinnati,244,2019*,12,100,526,5,8,70,1,,
Gerrid Doaks,23,RB,Cincinnati,244,2020*,9,144,673,7,14,202,2,,
Kylin Hill,23,RB,Mississippi St.,256,2017*,8,78,393,2,1,5,0,24.0,0.0
Kylin Hill,23,RB,Mississippi St.,256,2018*,8,117,734,4,1,5,0,24.0,0.0
Kylin Hill,23,RB,Mississippi St.,256,2019*,8,242,1350,10,1,5,0,24.0,0.0
Kylin Hill,23,RB,Mississippi St.,256,2020*,8,15,58,0,1,5,0,24.0,0.0
Jermar Jefferson,21,RB,Oregon St.,257,2018,7,239,1380,12,4,23,0,74.0,2.0
Jermar Jefferson,21,RB,Oregon St.,257,2019,7,142,685,8,4,23,0,74.0,2.0
Jermar Jefferson,21,RB,Oregon St.,257,2020,7,133,858,7,4,23,0,74.0,2.0
Breece Hall,21,RB,Iowa St.,36,2019*,7,186,897,9,19,218,1,463.0,4.0
Breece Hall,21,RB,Iowa St.,36,2020*,7,279,1572,21,19,218,1,463.0,4.0
Breece Hall,21,RB,Iowa St.,36,2021*,7,253,1464,20,19,218,1,463.0,4.0
Kenneth Walker III,21,RB,Michigan St.,41,2019*,15,98,579,4,27,165,0,1050.0,9.0
Kenneth Walker III,21,RB,Michigan St.,41,2020*,15,119,579,13,27,165,0,1050.0,9.0
Kenneth Walker III,21,RB,Michigan St.,41,2021*,15,263,1636,18,27,165,0,1050.0,9.0
James Cook,22,RB,Georgia,63,2018*,16,41,284,2,21,180,1,507.0,2.0
James Cook,22,RB,Georgia,63,2019*,16,31,188,2,21,180,1,507.0,2.0
James Cook,22,RB,Georgia,63,2020*,16,45,303,3,21,180,1,507.0,2.0
James Cook,22,RB,Georgia,63,2021*,16,113,728,7,21,180,1,507.0,2.0
Rachaad White,23,RB,Arizona St.,91,2020,17,42,420,5,50,290,2,481.0,1.0
Rachaad White,23,RB,Arizona St.,91,2021*,17,182,1006,15,50,290,2,481.0,1.0
Tyrion Davis-Price,21,RB,LSU,93,2019*,6,64,295,6,0,0,0,99.0,0.0
Tyrion Davis-Price,21,RB,LSU,93,2020,6,104,446,3,0,0,0,99.0,0.0
Tyrion Davis-Price,21,RB,LSU,93,2021*,6,211,1003,6,0,0,0,99.0,0.0
Brian Robinson Jr.,23,RB,Alabama,98,2017*,12,24,165,2,9,60,1,797.0,2.0
Brian Robinson Jr.,23,RB,Alabama,98,2018*,12,63,272,2,9,60,1,797.0,2.0
Brian Robinson Jr.,23,RB,Alabama,98,2019*,12,96,441,5,9,60,1,797.0,2.0
Brian Robinson Jr.,23,RB,Alabama,98,2020*,12,91,483,6,9,60,1,797.0,2.0
Brian Robinson Jr.,23,RB,Alabama,98,2021*,12,271,1343,14,9,60,1,797.0,2.0
Dameon Pierce,22,RB,Florida,107,2018*,13,69,424,2,30,165,1,939.0,4.0
Dameon Pierce,22,RB,Florida,107,2019*,13,54,305,4,30,165,1,939.0,4.0
Dameon Pierce,22,RB,Florida,107,2020*,13,106,503,4,30,165,1,939.0,4.0
Dameon Pierce,22,RB,Florida,107,2021*,13,100,574,13,30,165,1,939.0,4.0
Zamir White,22,RB,Georgia,122,2019*,14,78,408,3,0,0,0,70.0,0.0
Zamir White,22,RB,Georgia,122,2020*,14,144,779,11,0,0,0,70.0,0.0
Zamir White,22,RB,Georgia,122,2021*,14,160,856,11,0,0,0,70.0,0.0
Isaiah Spiller,21,RB,Texas A&M,123,2019*,6,174,946,10,3,13,0,41.0,0.0
Isaiah Spiller,21,RB,Texas A&M,123,2020*,6,188,1036,9,3,13,0,41.0,0.0
Isaiah Spiller,21,RB,Texas A&M,123,2021,6,179,1011,6,3,13,0,41.0,0.0
Hassan Haskins,22,RB,Michigan,131,2018*,15,0,0,0,11,57,0,93.0,0.0
Hassan Haskins,22,RB,Michigan,131,2019*,15,121,622,4,11,57,0,93.0,0.0
Hassan Haskins,22,RB,Michigan,131,2020,15,61,375,6,11,57,0,93.0,0.0
Hassan Haskins,22,RB,Michigan,131,2021*,15,270,1327,20,11,57,0,93.0,0.0
Tyler Allgeier,22,RB,BYU,151,2018*,16,9,49,0,16,139,1,1035.0,3.0
Tyler Allgeier,22,RB,BYU,151,2019*,16,17,119,0,16,139,1,1035.0,3.0
Tyler Allgeier,22,RB,BYU,151,2020*,16,150,1130,13,16,139,1,1035.0,3.0
Tyler Allgeier,22,RB,BYU,151,2021*,16,276,1606,23,16,139,1,1035.0,3.0
Snoop Conner,22,RB,Mississippi,154,2019,8,81,512,5,0,0,0,42.0,1.0
Snoop Conner,22,RB,Mississippi,154,2020*,8,93,421,8,0,0,0,42.0,1.0
Snoop Conner,22,RB,Mississippi,154,2021*,8,130,647,13,0,0,0,42.0,1.0
Jerome Ford,22,RB,Cincinnati,156,2018*,13,7,37,0,0,0,0,12.0,0.0
Jerome Ford,22,RB,Cincinnati,156,2019*,13,24,114,3,0,0,0,12.0,0.0
Jerome Ford,22,RB,Cincinnati,156,2020*,13,73,483,8,0,0,0,12.0,0.0
Jerome Ford,22,RB,Cincinnati,156,2021*,13,214,1319,19,0,0,0,12.0,0.0
Kyren Williams,22,RB,Notre Dame,164,2019*,10,4,26,0,9,76,0,139.0,0.0
Kyren Williams,22,RB,Notre Dame,164,2020*,10,211,1125,13,9,76,0,139.0,0.0
Kyren Williams,22,RB,Notre Dame,164,2021*,10,204,1002,14,9,76,0,139.0,0.0
Ty Chandler,24,RB,North Carolina,169,2017,3,71,305,2,0,0,0,20.0,0.0
Ty Chandler,24,RB,North Carolina,169,2018,3,115,630,4,0,0,0,20.0,0.0
Ty Chandler,24,RB,North Carolina,169,2019*,3,135,655,3,0,0,0,20.0,0.0
Ty Chandler,24,RB,North Carolina,169,2020,3,100,456,4,0,0,0,20.0,0.0
Ty Chandler,24,RB,North Carolina,169,2021*,3,182,1092,13,0,0,0,20.0,0.0
Kevin Harris,21,RB,South Carolina,183,2019,5,21,179,4,0,0,0,52.0,1.0
Kevin Harris,21,RB,South Carolina,183,2020,5,185,1138,15,0,0,0,52.0,1.0
Kevin Harris,21,RB,South Carolina,183,2021*,5,152,659,4,0,0,0,52.0,1.0
Tyler Badie,22,RB,Missouri,196,2018*,1,89,437,2,1,24,1,0.0,0.0
Tyler Badie,22,RB,Missouri,196,2019,1,108,457,3,1,24,1,0.0,0.0
Tyler Badie,22,RB,Missouri,196,2020,1,48,242,4,1,24,1,0.0,0.0
Tyler Badie,22,RB,Missouri,196,2021*,1,268,1604,14,1,24,1,0.0,0.0
Keaontay Ingram,22,RB,USC,201,2018*,12,142,708,3,4,21,0,60.0,1.0
Keaontay Ingram,22,RB,USC,201,2019*,12,144,853,7,4,21,0,60.0,1.0
Keaontay Ingram,22,RB,USC,201,2020*,12,53,250,1,4,21,0,60.0,1.0
Keaontay Ingram,22,RB,USC,201,2021,12,156,911,5,4,21,0,60.0,1.0
Trestan Ebner,23,RB,Baylor,203,2017,17,23,121,2,2,8,0,54.0,0.0
Trestan Ebner,23,RB,Baylor,203,2018*,17,69,413,1,2,8,0,54.0,0.0
Trestan Ebner,23,RB,Baylor,203,2019*,17,53,250,3,2,8,0,54.0,0.0
Trestan Ebner,23,RB,Baylor,203,2020,17,50,107,1,2,8,0,54.0,0.0
Trestan Ebner,23,RB,Baylor,203,2021*,17,148,799,2,2,8,0,54.0,0.0
Brittain Brown,24,RB,UCLA,250,2017*,13,130,701,7,14,161,0,,
Brittain Brown,24,RB,UCLA,250,2018*,9,80,369,3,1,44,1,,
Brittain Brown,24,RB,UCLA,250,2019,3,12,56,0,2,13,0,,
Brittain Brown,24,RB,UCLA,250,2020,7,82,543,4,6,84,1,,
Brittain Brown,24,RB,UCLA,250,2021,10,102,615,7,18,129,0,,
Isiah Pacheco,23,RB,Rutgers,251,2018,17,111,551,3,13,130,0,830.0,5.0
Isiah Pacheco,23,RB,Rutgers,251,2019,17,169,729,7,13,130,0,830.0,5.0
Isiah Pacheco,23,RB,Rutgers,251,2020,17,116,515,3,13,130,0,830.0,5.0
Isiah Pacheco,23,RB,Rutgers,251,2021*,17,167,647,5,13,130,0,830.0,5.0
Zander Horvath,23,RB,Purdue,260,2018*,13,9,42,1,4,38,0,,
Zander Horvath,23,RB,Purdue,260,2019,11,79,377,2,17,142,1,,
Zander Horvath,23,RB,Purdue,260,2020,6,89,442,2,30,304,0,,
Zander Horvath,23,RB,Purdue,260,2021*,8,91,320,3,17,108,0,,
Bijan Robinson,21,RB,Texas,8,2020*,17,86,703,4,58,487,4,976.0,4.0
Bijan Robinson,21,RB,Texas,8,2021,17,195,1127,11,58,487,4,976.0,4.0
Bijan Robinson,21,RB,Texas,8,2022*,17,258,1580,18,58,487,4,976.0,4.0
Jahmyr Gibbs,21,RB,Alabama,12,2020,15,89,460,4,52,316,1,945.0,10.0
Jahmyr Gibbs,21,RB,Alabama,12,2021,15,143,746,4,52,316,1,945.0,10.0
Jahmyr Gibbs,21,RB,Alabama,12,2022*,15,151,926,7,52,316,1,945.0,10.0
Zach Charbonnet,22,RB,UCLA,52,2019*,16,149,726,11,33,209,0,462.0,1.0
Zach Charbonnet,22,RB,UCLA,52,2020,16,19,124,1,33,209,0,462.0,1.0
Zach Charbonnet,22,RB,UCLA,52,2021,16,203,1137,13,33,209,0,462.0,1.0
Zach Charbonnet,22,RB,UCLA,52,2022*,16,195,1359,14,33,209,0,462.0,1.0
Kendre Miller,21,RB,TCU,71,2020,8,54,388,2,10,117,0,156.0,1.0
Kendre Miller,21,RB,TCU,71,2021,8,83,623,7,10,117,0,156.0,1.0
Kendre Miller,21,RB,TCU,71,2022*,8,224,1399,17,10,117,0,156.0,1.0
Tyjae Spears,22,RB,Tulane,81,2019*,17,32,192,1,52,385,1,453.0,2.0
Tyjae Spears,22,RB,Tulane,81,2020*,17,37,274,2,52,385,1,453.0,2.0
Tyjae Spears,22,RB,Tulane,81,2021,17,129,863,9,52,385,1,453.0,2.0
Tyjae Spears,22,RB,Tulane,81,2022*,17,229,1581,19,52,385,1,453.0,2.0
De'Von Achane,21,RB,Texas A&M,84,2020*,11,43,364,4,27,197,3,800.0,8.0
De'Von Achane,21,RB,Texas A&M,84,2021,11,130,910,9,27,197,3,800.0,8.0
De'Von Achane,21,RB,Texas A&M,84,2022,11,196,1102,8,27,197,3,800.0,8.0
Tank Bigsby,22,RB,Auburn,88,2020*,17,138,834,5,1,6,0,132.0,2.0
Tank Bigsby,22,RB,Auburn,88,2021*,17,224,1102,10,1,6,0,132.0,2.0
Tank Bigsby,22,RB,Auburn,88,2022,17,179,970,10,1,6,0,132.0,2.0
Roschon Johnson,22,RB,Texas,115,2019*,15,123,649,7,34,209,0,352.0,2.0
Roschon Johnson,22,RB,Texas,115,2020*,15,80,418,6,34,209,0,352.0,2.0
Roschon Johnson,22,RB,Texas,115,2021,15,96,569,5,34,209,0,352.0,2.0
Roschon Johnson,22,RB,Texas,115,2022*,15,93,554,5,34,209,0,352.0,2.0
Israel Abanikanda,20,RB,Pittsburgh,143,2020,6,28,95,1,7,43,0,70.0,0.0
Israel Abanikanda,20,RB,Pittsburgh,143,2021*,6,123,651,7,7,43,0,70.0,0.0
Israel Abanikanda,20,RB,Pittsburgh,143,2022*,6,239,1431,20,7,43,0,70.0,0.0
Chase Brown,23,RB,Illinois,163,2018*,12,71,352,0,14,156,1,179.0,0.0
Chase Brown,23,RB,Illinois,163,2019*,12,3,18,0,14,156,1,179.0,0.0
Chase Brown,23,RB,Illinois,163,2020,12,104,540,3,14,156,1,179.0,0.0
Chase Brown,23,RB,Illinois,163,2021,12,170,1005,5,14,156,1,179.0,0.0
Chase Brown,23,RB,Illinois,163,2022*,12,328,1643,10,14,156,1,179.0,0.0
Eric Gray,23,RB,Oklahoma,172,2019*,13,101,539,4,6,22,0,48.0,0.0
Eric Gray,23,RB,Oklahoma,172,2020,13,157,772,4,6,22,0,48.0,0.0
Eric Gray,23,RB,Oklahoma,172,2021*,13,78,412,2,6,22,0,48.0,0.0
Eric Gray,23,RB,Oklahoma,172,2022*,13,213,1366,11,6,22,0,48.0,0.0
Evan Hull,22,RB,Northwestern,176,2019,5,46,286,4,0,0,0,,
Evan Hull,22,RB,Northwestern,176,2020*,9,25,209,2,6,41,0,,
Evan Hull,22,RB,Northwestern,176,2021,12,196,1009,7,33,264,2,,
Evan Hull,22,RB,Northwestern,176,2022,12,221,913,5,55,546,2,,
Chris Rodriguez,22,RB,Kentucky,193,2018*,13,2,43,0,2,12,0,247.0,2.0
Chris Rodriguez,22,RB,Kentucky,193,2019*,13,71,533,6,2,12,0,247.0,2.0
Chris Rodriguez,22,RB,Kentucky,193,2020*,13,119,785,11,2,12,0,247.0,2.0
Chris Rodriguez,22,RB,Kentucky,193,2021*,13,225,1379,9,2,12,0,247.0,2.0
Chris Rodriguez,22,RB,Kentucky,193,2022*,13,175,904,6,2,12,0,247.0,2.0
Deuce Vaughn,21,RB,Kansas St.,212,2020,7,123,642,7,7,40,0,40.0,0.0
Deuce Vaughn,21,RB,Kansas St.,212,2021*,7,235,1404,18,7,40,0,40.0,0.0
Deuce Vaughn,21,RB,Kansas St.,212,2022*,7,293,1558,9,7,40,0,40.0,0.0
Zach Evans,22,RB,Mississippi,215,2020,10,54,415,4,0,0,0,19.0,0.0
Zach Evans,22,RB,Mississippi,215,2021,10,92,648,5,0,0,0,19.0,0.0
Zach Evans,22,RB,Mississippi,215,2022*,10,144,936,9,0,0,0,19.0,0.0
DeWayne McBride,22,RB,Ala-Birmingham,222,2020,6,47,439,4,0,0,0,,
DeWayne McBride,22,RB,Ala-Birmingham,222,2021*,13,204,1371,13,3,19,0,,
DeWayne McBride,22,RB,Ala-Birmingham,222,2022*,11,233,1713,19,2,10,0,,
Lew Nichols,22,RB,Central Michigan,235,2019*,4,19,89,0,0,0,0,,
Lew Nichols,22,RB,Central Michigan,235,2020,6,78,507,4,10,109,1,,
Lew Nichols,22,RB,Central Michigan,235,2021*,13,341,1848,16,40,338,2,,
Lew Nichols,22,RB,Central Michigan,235,2022,9,176,616,6,21,128,0,,
Kenny McIntosh,23,RB,Georgia,237,2019*,3,25,174,2,0,0,0,0.0,0.0
Kenny McIntosh,23,RB,Georgia,237,2020*,3,47,251,1,0,0,0,0.0,0.0
Kenny McIntosh,23,RB,Georgia,237,2021*,3,58,328,3,0,0,0,0.0,0.0
Kenny McIntosh,23,RB,Georgia,237,2022*,3,150,829,10,0,0,0,0.0,0.0
Jonathon Brooks,21,RB,Texas,46,2021,3,21,143,1,3,23,0,22.0,0.0
Jonathon Brooks,21,RB,Texas,46,2022*,3,30,197,5,3,23,0,22.0,0.0
Jonathon Brooks,21,RB,Texas,46,2023*,3,187,1139,10,3,23,0,22.0,0.0
Trey Benson,21,RB,Florida St.,66,2021*,13,6,22,1,6,59,0,291.0,1.0
Trey Benson,21,RB,Florida St.,66,2022*,13,154,990,9,6,59,0,291.0,1.0
Trey Benson,21,RB,Florida St.,66,2023*,13,156,906,14,6,59,0,291.0,1.0
Blake Corum,23,RB,Michigan,83,2020,17,26,77,2,7,58,0,207.0,0.0
Blake Corum,23,RB,Michigan,83,2021*,17,143,952,11,7,58,0,207.0,0.0
Blake Corum,23,RB,Michigan,83,2022*,17,247,1463,18,7,58,0,207.0,0.0
Blake Corum,23,RB,Michigan,83,2023*,17,258,1245,27,7,58,0,207.0,0.0
MarShawn Lloyd,23,RB,USC,88,2021*,1,64,228,1,1,3,0,15.0,0.0
MarShawn Lloyd,23,RB,USC,88,2022*,1,111,573,9,1,3,0,15.0,0.0
MarShawn Lloyd,23,RB,USC,88,2023*,1,116,820,9,1,3,0,15.0,0.0
Jaylen Wright,21,RB,Tennessee,120,2021*,15,85,409,4,3,8,0,249.0,0.0
Jaylen Wright,21,RB,Tennessee,120,2022*,15,146,875,10,3,8,0,249.0,0.0
Jaylen Wright,21,RB,Tennessee,120,2023*,15,137,1013,4,3,8,0,249.0,0.0
Bucky Irving,22,RB,Oregon,125,2021*,17,133,699,4,47,392,0,1122.0,8.0
Bucky Irving,22,RB,Oregon,125,2022*,17,156,1058,5,47,392,0,1122.0,8.0
Bucky Irving,22,RB,Oregon,125,2023*,17,186,1180,11,47,392,0,1122.0,8.0
Will Shipley,22,RB,Clemson,127,2021*,16,149,738,11,4,35,0,82.0,0.0
Will Shipley,22,RB,Clemson,127,2022*,16,210,1182,15,4,35,0,82.0,0.0
Will Shipley,22,RB,Clemson,127,2023*,16,167,827,5,4,35,0,82.0,0.0
Ray Davis,24,RB,Kentucky,128,2019*,17,193,936,8,17,189,3,442.0,3.0
Ray Davis,24,RB,Kentucky,128,2020,17,78,308,1,17,189,3,442.0,3.0
Ray Davis,24,RB,Kentucky,128,2021,17,44,211,1,17,189,3,442.0,3.0
Ray Davis,24,RB,Kentucky,128,2022,17,232,1042,5,17,189,3,442.0,3.0
Ray Davis,24,RB,Kentucky,128,2023*,17,199,1129,14,17,189,3,442.0,3.0
Isaac Guerendo,24,RB,Louisville,129,2018*,16,0,0,0,15,152,0,420.0,4.0
Isaac Guerendo,24,RB,Louisville,129,2019*,16,1,1,0,15,152,0,420.0,4.0
Isaac Guerendo,24,RB,Louisville,129,2020*,16,11,36,0,15,152,0,420.0,4.0
Isaac Guerendo,24,RB,Louisville,129,2021*,16,23,160,1,15,152,0,420.0,4.0
Isaac Guerendo,24,RB,Louisville,129,2022*,16,64,385,5,15,152,0,420.0,4.0
Isaac Guerendo,24,RB,Louisville,129,2023*,16,132,810,11,15,152,0,420.0,4.0
Braelon Allen,20,RB,Wisconsin,134,2021*,17,186,1268,12,19,148,1,334.0,2.0
Braelon Allen,20,RB,Wisconsin,134,2022*,17,230,1242,11,19,148,1,334.0,2.0
Braelon Allen,20,RB,Wisconsin,134,2023*,17,181,984,12,19,148,1,334.0,2.0
Audric Estime,21,RB,Notre Dame,147,2021*,13,7,60,0,5,27,0,310.0,2.0
Audric Estime,21,RB,Notre Dame,147,2022*,13,156,920,11,5,27,0,310.0,2.0
Audric Estime,21,RB,Notre Dame,147,2023*,13,210,1341,18,5,27,0,310.0,2.0
Rasheen Ali,23,RB,Marshall,165,2020*,6,5,22,0,0,0,0,31.0,0.0
Rasheen Ali,23,RB,Marshall,165,2021*,6,250,1401,23,0,0,0,31.0,0.0
Rasheen Ali,23,RB,Marshall,165,2022*,6,47,273,1,0,0,0,31.0,0.0
Rasheen Ali,23,RB,Marshall,165,2023*,6,212,1135,15,0,0,0,31.0,0.0
Tyrone Tracy Jr.,24,RB,Purdue,166,2018*,17,1,-1,0,38,284,1,839.0,5.0
Tyrone Tracy Jr.,24,RB,Purdue,166,2019*,17,6,39,1,38,284,1,839.0,5.0
Tyrone Tracy Jr.,24,RB,Purdue,166,2020,17,2,22,0,38,284,1,839.0,5.0
Tyrone Tracy Jr.,24,RB,Purdue,166,2021*,17,7,33,1,38,284,1,839.0,5.0
Tyrone Tracy Jr.,24,RB,Purdue,166,2022*,17,17,138,0,38,284,1,839.0,5.0
Tyrone Tracy Jr.,24,RB,Purdue,166,2023,17,113,716,8,38,284,1,839.0,5.0
Keilan Robinson,24,RB,Texas,167,2019*,8,39,254,2,0,0,0,,
Keilan Robinson,24,RB,Texas,167,2021,11,45,322,3,7,57,0,,
Keilan Robinson,24,RB,Texas,167,2022*,13,25,86,0,20,219,3,,
Keilan Robinson,24,RB,Texas,167,2023*,13,12,134,3,8,56,0,,
Kimani Vidal,23,RB,Troy,181,2020,10,101,516,4,5,62,1,155.0,0.0
Kimani Vidal,23,RB,Troy,181,2021,10,152,701,5,5,62,1,155.0,0.0
Kimani Vidal,23,RB,Troy,181,2022*,10,231,1132,10,5,62,1,155.0,0.0
Kimani Vidal,23,RB,Troy,181,2023*,10,297,1661,14,5,62,1,155.0,0.0
Jase McClellan,22,RB,Alabama,186,2020*,2,23,245,2,0,0,0,32.0,0.0
Jase McClellan,22,RB,Alabama,186,2021*,2,40,191,1,0,0,0,32.0,0.0
Jase McClellan,22,RB,Alabama,186,2022*,2,112,655,7,0,0,0,32.0,0.0
Jase McClellan,22,RB,Alabama,186,2023*,2,180,890,8,0,0,0,32.0,0.0
Jawhar Jordan,25,RB,Louisville,205,2019,4,15,105,1,2,87,0,,
Jawhar Jordan,25,RB,Louisville,205,2020,3,29,72,0,5,34,0,,
Jawhar Jordan,25,RB,Louisville,205,2021*,4,14,94,0,1,24,0,,
Jawhar Jordan,25,RB,Louisville,205,2022*,13,142,815,4,10,85,0,,
Jawhar Jordan,25,RB,Louisville,205,2023*,13,181,1128,13,21,246,1,,
