name,age,position,school,draft_pick,season,games,recs,recYDS,recTDS,rushAttempts,rushYards,rushTDS,collegeURL
Demaryius Thomas,22,WR,Georgia Tech,22,2007*,13,35,558,4,1,0,0,/cfb/schools/georgia-tech/2007.html
Demaryius Thomas,22,WR,Georgia Tech,22,2008*,12,39,627,3,2,29,0,/cfb/schools/georgia-tech/2008.html
Demaryius Thomas,22,WR,Georgia Tech,22,2009*,14,46,1154,8,1,3,0,/cfb/schools/georgia-tech/2009.html
Dez Bryant,21,WR,Oklahoma St.,24,2007*,12,43,622,6,2,16,0,/cfb/schools/oklahoma-state/2007.html
Dez Bryant,21,WR,Oklahoma St.,24,2008*,13,87,1480,19,0,0,0,/cfb/schools/oklahoma-state/2008.html
Dez Bryant,21,WR,Oklahoma St.,24,2009*,3,17,323,4,0,0,0,/cfb/schools/oklahoma-state/2009.html
Arrelious Benn,21,WR,Illinois,39,2007*,13,54,676,2,32,158,0,/cfb/schools/illinois/2007.html
Arrelious Benn,21,WR,Illinois,39,2008,12,67,1055,3,23,101,2,/cfb/schools/illinois/2008.html
Arrelious Benn,21,WR,Illinois,39,2009,12,38,490,2,7,23,1,/cfb/schools/illinois/2009.html
Golden Tate,22,WR,Notre Dame,60,2007,12,6,131,1,1,4,0,/cfb/schools/notre-dame/2007.html
Golden Tate,22,WR,Notre Dame,60,2008*,13,58,1080,10,5,37,1,/cfb/schools/notre-dame/2008.html
Golden Tate,22,WR,Notre Dame,60,2009,12,93,1496,15,25,186,2,/cfb/schools/notre-dame/2009.html
Damian Williams,22,WR,USC,77,2006*,13,19,235,2,1,5,0,/cfb/schools/arkansas/2006.html
Damian Williams,22,WR,USC,77,2008*,13,58,869,9,4,43,0,/cfb/schools/southern-california/2008.html
Damian Williams,22,WR,USC,77,2009*,12,70,1010,6,2,16,0,/cfb/schools/southern-california/2009.html
Brandon LaFell,23,WR,LSU,78,2006*,11,5,140,2,0,0,0,/cfb/schools/louisiana-state/2006.html
Brandon LaFell,23,WR,LSU,78,2007*,14,50,656,4,1,18,1,/cfb/schools/louisiana-state/2007.html
Brandon LaFell,23,WR,LSU,78,2008*,13,63,929,8,2,6,0,/cfb/schools/louisiana-state/2008.html
Brandon LaFell,23,WR,LSU,78,2009*,13,57,792,11,5,13,0,/cfb/schools/louisiana-state/2009.html
Emmanuel Sanders,23,WR,SMU,82,2006,12,46,605,9,2,6,0,/cfb/schools/southern-methodist/2006.html
Emmanuel Sanders,23,WR,SMU,82,2007,12,74,889,9,6,28,0,/cfb/schools/southern-methodist/2007.html
Emmanuel Sanders,23,WR,SMU,82,2008,10,67,958,9,0,0,0,/cfb/schools/southern-methodist/2008.html
Emmanuel Sanders,23,WR,SMU,82,2009*,13,98,1339,7,1,6,0,/cfb/schools/southern-methodist/2009.html
Jordan Shipley,24,WR,Texas,84,2006*,13,16,229,4,7,110,0,/cfb/schools/texas/2006.html
Jordan Shipley,24,WR,Texas,84,2007*,13,27,417,5,4,20,0,/cfb/schools/texas/2007.html
Jordan Shipley,24,WR,Texas,84,2008*,13,89,1060,11,4,32,0,/cfb/schools/texas/2008.html
Jordan Shipley,24,WR,Texas,84,2009*,14,116,1485,13,1,0,0,/cfb/schools/texas/2009.html
Eric Decker,23,WR,Minnesota,87,2006*,13,26,378,3,1,5,0,/cfb/schools/minnesota/2006.html
Eric Decker,23,WR,Minnesota,87,2007,12,67,909,9,3,22,0,/cfb/schools/minnesota/2007.html
Eric Decker,23,WR,Minnesota,87,2008*,12,84,1074,7,11,87,1,/cfb/schools/minnesota/2008.html
Eric Decker,23,WR,Minnesota,87,2009*,8,50,758,5,0,0,0,/cfb/schools/minnesota/2009.html
Andre Roberts,22,WR,The Citadel,88,2006*,13,26,378,3,1,5,0,/cfb/schools/minnesota/2006.html
Andre Roberts,22,WR,The Citadel,88,2007,12,67,909,9,3,22,0,/cfb/schools/minnesota/2007.html
Andre Roberts,22,WR,The Citadel,88,2008*,12,84,1074,7,11,87,1,/cfb/schools/minnesota/2008.html
Andre Roberts,22,WR,The Citadel,88,2009*,8,50,758,5,0,0,0,/cfb/schools/minnesota/2009.html
Armanti Edwards,22,WR,Appalachian St.,89,2006*,13,26,378,3,1,5,0,/cfb/schools/minnesota/2006.html
Armanti Edwards,22,WR,Appalachian St.,89,2007,12,67,909,9,3,22,0,/cfb/schools/minnesota/2007.html
Armanti Edwards,22,WR,Appalachian St.,89,2008*,12,84,1074,7,11,87,1,/cfb/schools/minnesota/2008.html
Armanti Edwards,22,WR,Appalachian St.,89,2009*,8,50,758,5,0,0,0,/cfb/schools/minnesota/2009.html
Taylor Price,22,WR,Ohio,90,2006*,14,9,77,0,2,-20,0,/cfb/schools/ohio/2006.html
Taylor Price,22,WR,Ohio,90,2007,12,33,464,4,6,23,0,/cfb/schools/ohio/2007.html
Taylor Price,22,WR,Ohio,90,2008,12,51,694,5,5,19,0,/cfb/schools/ohio/2008.html
Taylor Price,22,WR,Ohio,90,2009*,14,56,784,5,11,103,0,/cfb/schools/ohio/2009.html
Mardy Gilyard,23,WR,Cincinnati,99,2005,8,0,0,0,0,0,0,/cfb/schools/cincinnati/2005.html
Mardy Gilyard,23,WR,Cincinnati,99,2007*,13,36,536,3,0,0,0,/cfb/schools/cincinnati/2007.html
Mardy Gilyard,23,WR,Cincinnati,99,2008*,14,81,1276,11,2,10,0,/cfb/schools/cincinnati/2008.html
Mardy Gilyard,23,WR,Cincinnati,99,2009*,13,87,1191,11,5,16,1,/cfb/schools/cincinnati/2009.html
Mike Williams,23,WR,Syracuse,101,2006,10,24,461,4,0,0,0,/cfb/schools/syracuse/2006.html
Mike Williams,23,WR,Syracuse,101,2007,12,60,837,10,0,0,0,/cfb/schools/syracuse/2007.html
Mike Williams,23,WR,Syracuse,101,2009,7,49,746,6,1,-7,0,/cfb/schools/syracuse/2009.html
Marcus Easley,22,WR,Connecticut,107,2007*,10,1,10,0,0,0,0,/cfb/schools/connecticut/2007.html
Marcus Easley,22,WR,Connecticut,107,2008*,11,4,94,0,0,0,0,/cfb/schools/connecticut/2008.html
Marcus Easley,22,WR,Connecticut,107,2009*,13,48,893,8,1,11,0,/cfb/schools/connecticut/2009.html
Jacoby Ford,23,WR,Clemson,108,2006*,13,15,187,2,8,104,0,/cfb/schools/clemson/2006.html
Jacoby Ford,23,WR,Clemson,108,2007*,8,17,310,4,14,172,0,/cfb/schools/clemson/2007.html
Jacoby Ford,23,WR,Clemson,108,2008*,13,55,710,4,18,96,0,/cfb/schools/clemson/2008.html
Jacoby Ford,23,WR,Clemson,108,2009*,14,56,779,6,18,122,2,/cfb/schools/clemson/2009.html
David Reed,23,WR,Utah,156,2008*,13,25,427,6,1,15,1,/cfb/schools/utah/2008.html
David Reed,23,WR,Utah,156,2009*,13,81,1188,5,4,4,0,/cfb/schools/utah/2009.html
Riley Cooper,22,WR,Florida,159,2006*,13,4,92,3,0,0,0,/cfb/schools/florida/2006.html
Riley Cooper,22,WR,Florida,159,2007*,10,8,182,3,0,0,0,/cfb/schools/florida/2007.html
Riley Cooper,22,WR,Florida,159,2008*,14,18,261,3,0,0,0,/cfb/schools/florida/2008.html
Riley Cooper,22,WR,Florida,159,2009*,14,51,961,9,1,14,0,/cfb/schools/florida/2009.html
Kerry Meier,23,WR,Kansas,165,2006,8,1,5,0,99,344,5,/cfb/schools/kansas/2006.html
Kerry Meier,23,WR,Kansas,165,2007*,13,26,274,2,15,78,1,/cfb/schools/kansas/2007.html
Kerry Meier,23,WR,Kansas,165,2008*,13,97,1045,8,2,-5,0,/cfb/schools/kansas/2008.html
Kerry Meier,23,WR,Kansas,165,2009,12,102,985,8,2,-2,0,/cfb/schools/kansas/2009.html
Carlton Mitchell,22,WR,South Florida,177,2007*,13,37,537,4,4,17,0,/cfb/schools/south-florida/2007.html
Carlton Mitchell,22,WR,South Florida,177,2008*,13,28,405,1,1,7,0,/cfb/schools/south-florida/2008.html
Carlton Mitchell,22,WR,South Florida,177,2009*,11,40,706,4,0,0,0,/cfb/schools/south-florida/2009.html
Dezmon Briscoe,21,WR,Kansas,191,2007*,13,43,496,7,0,0,0,/cfb/schools/kansas/2007.html
Dezmon Briscoe,21,WR,Kansas,191,2008*,13,92,1407,15,2,18,0,/cfb/schools/kansas/2008.html
Dezmon Briscoe,21,WR,Kansas,191,2009,11,84,1337,9,2,19,1,/cfb/schools/kansas/2009.html
Antonio Brown,22,WR,Central Michigan,195,2007*,14,102,1003,6,10,74,1,/cfb/schools/central-michigan/2007.html
Antonio Brown,22,WR,Central Michigan,195,2008*,13,93,998,7,20,116,0,/cfb/schools/central-michigan/2008.html
Antonio Brown,22,WR,Central Michigan,195,2009*,14,110,1198,9,42,341,3,/cfb/schools/central-michigan/2009.html
David Gettis,23,WR,Baylor,198,2006,11,4,82,1,0,0,0,/cfb/schools/baylor/2006.html
David Gettis,23,WR,Baylor,198,2007,12,31,407,0,0,0,0,/cfb/schools/baylor/2007.html
David Gettis,23,WR,Baylor,198,2008,12,29,391,0,0,0,0,/cfb/schools/baylor/2008.html
David Gettis,23,WR,Baylor,198,2009,12,52,675,3,0,0,0,/cfb/schools/baylor/2009.html
Kyle Williams,22,WR,Arizona St.,206,2006*,6,4,87,0,0,0,0,/cfb/schools/arizona-state/2006.html
Kyle Williams,22,WR,Arizona St.,206,2007*,13,29,360,6,6,15,0,/cfb/schools/arizona-state/2007.html
Kyle Williams,22,WR,Arizona St.,206,2008,11,19,364,4,6,42,0,/cfb/schools/arizona-state/2008.html
Kyle Williams,22,WR,Arizona St.,206,2009,11,57,815,8,5,73,0,/cfb/schools/arizona-state/2009.html
Terrence Austin,22,WR,UCLA,219,2006*,9,2,29,0,1,7,0,/cfb/schools/ucla/2006.html
Terrence Austin,22,WR,UCLA,219,2007*,13,17,248,0,4,24,0,/cfb/schools/ucla/2007.html
Terrence Austin,22,WR,UCLA,219,2008,12,53,460,1,13,90,0,/cfb/schools/ucla/2008.html
Terrence Austin,22,WR,UCLA,219,2009*,13,37,455,4,5,25,0,/cfb/schools/ucla/2009.html
Marc Mariani,23,WR,Montana,222,2006*,9,2,29,0,1,7,0,/cfb/schools/ucla/2006.html
Marc Mariani,23,WR,Montana,222,2007*,13,17,248,0,4,24,0,/cfb/schools/ucla/2007.html
Marc Mariani,23,WR,Montana,222,2008,12,53,460,1,13,90,0,/cfb/schools/ucla/2008.html
Marc Mariani,23,WR,Montana,222,2009*,13,37,455,4,5,25,0,/cfb/schools/ucla/2009.html
Dorin Dickerson,22,WR,Pittsburgh,227,2006,7,1,5,0,3,25,1,/cfb/schools/pittsburgh/2006.html
Dorin Dickerson,22,WR,Pittsburgh,227,2007,12,0,0,0,0,0,0,/cfb/schools/pittsburgh/2007.html
Dorin Dickerson,22,WR,Pittsburgh,227,2008*,13,13,174,2,2,25,0,/cfb/schools/pittsburgh/2008.html
Dorin Dickerson,22,WR,Pittsburgh,227,2009*,13,49,529,10,0,0,0,/cfb/schools/pittsburgh/2009.html
A.J. Green,23,WR,Georgia,4,2008*,13,56,963,8,4,61,0,/cfb/schools/georgia/2008.html
A.J. Green,23,WR,Georgia,4,2009*,10,53,808,6,0,0,0,/cfb/schools/georgia/2009.html
A.J. Green,23,WR,Georgia,4,2010*,9,57,848,9,3,44,0,/cfb/schools/georgia/2010.html
Julio Jones,22,WR,Alabama,6,2008*,14,58,924,4,0,0,0,/cfb/schools/alabama/2008.html
Julio Jones,22,WR,Alabama,6,2009*,13,43,596,4,2,4,0,/cfb/schools/alabama/2009.html
Julio Jones,22,WR,Alabama,6,2010*,13,78,1133,7,8,135,2,/cfb/schools/alabama/2010.html
Jonathan Baldwin,22,WR,Pittsburgh,26,2008*,13,18,404,3,1,4,0,/cfb/schools/pittsburgh/2008.html
Jonathan Baldwin,22,WR,Pittsburgh,26,2009*,13,57,1111,8,1,61,0,/cfb/schools/pittsburgh/2009.html
Jonathan Baldwin,22,WR,Pittsburgh,26,2010*,13,53,822,5,3,3,0,/cfb/schools/pittsburgh/2010.html
Titus Young,22,WR,Boise St.,44,2007*,13,44,639,5,13,66,2,/cfb/schools/boise-state/2007.html
Titus Young,22,WR,Boise St.,44,2008*,3,10,168,1,5,52,2,/cfb/schools/boise-state/2008.html
Titus Young,22,WR,Boise St.,44,2009*,14,79,1041,10,15,138,3,/cfb/schools/boise-state/2009.html
Titus Young,22,WR,Boise St.,44,2010*,13,71,1215,9,14,94,1,/cfb/schools/boise-state/2010.html
Torrey Smith,22,WR,Maryland,58,2008*,13,24,336,2,1,0,0,/cfb/schools/maryland/2008.html
Torrey Smith,22,WR,Maryland,58,2009,12,61,824,5,11,59,1,/cfb/schools/maryland/2009.html
Torrey Smith,22,WR,Maryland,58,2010*,13,67,1055,12,9,7,0,/cfb/schools/maryland/2010.html
Austin Pettis,23,WR,Boise St.,78,2007*,13,46,465,6,0,0,0,/cfb/schools/boise-state/2007.html
Austin Pettis,23,WR,Boise St.,78,2008*,13,49,567,9,0,0,0,/cfb/schools/boise-state/2008.html
Austin Pettis,23,WR,Boise St.,78,2009*,13,63,855,14,1,-11,0,/cfb/schools/boise-state/2009.html
Austin Pettis,23,WR,Boise St.,78,2010*,13,71,951,10,0,0,0,/cfb/schools/boise-state/2010.html
Leonard Hankerson,22,WR,Miami (FL),79,2007,8,6,63,1,0,0,0,/cfb/schools/miami-fl/2007.html
Leonard Hankerson,22,WR,Miami (FL),79,2008*,8,11,140,2,0,0,0,/cfb/schools/miami-fl/2008.html
Leonard Hankerson,22,WR,Miami (FL),79,2009*,13,45,801,6,0,0,0,/cfb/schools/miami-fl/2009.html
Leonard Hankerson,22,WR,Miami (FL),79,2010*,13,72,1156,13,0,0,0,/cfb/schools/miami-fl/2010.html
Vincent Brown,22,WR,San Diego St.,82,2007,12,31,349,2,0,0,0,/cfb/schools/san-diego-state/2007.html
Vincent Brown,22,WR,San Diego St.,82,2008,12,64,631,5,3,37,0,/cfb/schools/san-diego-state/2008.html
Vincent Brown,22,WR,San Diego St.,82,2009,7,45,778,6,3,10,0,/cfb/schools/san-diego-state/2009.html
Vincent Brown,22,WR,San Diego St.,82,2010*,13,69,1352,10,1,-13,0,/cfb/schools/san-diego-state/2010.html
Jerrel Jernigan,22,WR,Troy,83,2007,12,30,337,3,14,50,0,/cfb/schools/troy/2007.html
Jerrel Jernigan,22,WR,Troy,83,2008*,12,77,868,5,33,254,1,/cfb/schools/troy/2008.html
Jerrel Jernigan,22,WR,Troy,83,2009*,13,71,1101,4,40,266,1,/cfb/schools/troy/2009.html
Jerrel Jernigan,22,WR,Troy,83,2010*,13,84,822,6,45,322,3,/cfb/schools/troy/2010.html
Kris Durham,23,WR,Georgia,107,2006*,13,8,82,0,0,0,0,/cfb/schools/georgia/2006.html
Kris Durham,23,WR,Georgia,107,2007*,13,11,169,0,0,0,0,/cfb/schools/georgia/2007.html
Kris Durham,23,WR,Georgia,107,2008*,10,13,199,1,0,0,0,/cfb/schools/georgia/2008.html
Kris Durham,23,WR,Georgia,107,2010*,11,32,659,3,0,0,0,/cfb/schools/georgia/2010.html
Clyde Gates,25,WR,Abilene Christian,111,2006*,13,8,82,0,0,0,0,/cfb/schools/georgia/2006.html
Clyde Gates,25,WR,Abilene Christian,111,2007*,13,11,169,0,0,0,0,/cfb/schools/georgia/2007.html
Clyde Gates,25,WR,Abilene Christian,111,2008*,10,13,199,1,0,0,0,/cfb/schools/georgia/2008.html
Clyde Gates,25,WR,Abilene Christian,111,2010*,11,32,659,3,0,0,0,/cfb/schools/georgia/2010.html
Greg Salas,23,WR,Hawaii,112,2007*,7,3,35,1,0,0,0,/cfb/schools/hawaii/2007.html
Greg Salas,23,WR,Hawaii,112,2008*,14,57,831,3,0,0,0,/cfb/schools/hawaii/2008.html
Greg Salas,23,WR,Hawaii,112,2009,13,106,1590,8,0,0,0,/cfb/schools/hawaii/2009.html
Greg Salas,23,WR,Hawaii,112,2010*,14,119,1889,14,0,0,0,/cfb/schools/hawaii/2010.html
Cecil Shorts,23,WR,Mount Union,114,2007*,7,3,35,1,0,0,0,/cfb/schools/hawaii/2007.html
Cecil Shorts,23,WR,Mount Union,114,2008*,14,57,831,3,0,0,0,/cfb/schools/hawaii/2008.html
Cecil Shorts,23,WR,Mount Union,114,2009,13,106,1590,8,0,0,0,/cfb/schools/hawaii/2009.html
Cecil Shorts,23,WR,Mount Union,114,2010*,14,119,1889,14,0,0,0,/cfb/schools/hawaii/2010.html
Tandon Doss,21,WR,Indiana,123,2008,8,14,186,1,0,0,0,/cfb/schools/indiana/2008.html
Tandon Doss,21,WR,Indiana,123,2009,12,77,962,5,14,127,1,/cfb/schools/indiana/2009.html
Tandon Doss,21,WR,Indiana,123,2010,11,63,706,7,28,163,1,/cfb/schools/indiana/2010.html
Kealoha Pilares,23,WR,Hawaii,132,2007*,11,26,249,1,68,388,3,/cfb/schools/hawaii/2007.html
Kealoha Pilares,23,WR,Hawaii,132,2008*,10,29,246,2,56,300,5,/cfb/schools/hawaii/2008.html
Kealoha Pilares,23,WR,Hawaii,132,2009,13,66,690,4,1,13,0,/cfb/schools/hawaii/2009.html
Kealoha Pilares,23,WR,Hawaii,132,2010*,13,88,1306,15,0,0,0,/cfb/schools/hawaii/2010.html
Denarius Moore,22,WR,Tennessee,148,2007*,14,14,212,0,0,0,0,/cfb/schools/tennessee/2007.html
Denarius Moore,22,WR,Tennessee,148,2008,12,11,271,2,0,0,0,/cfb/schools/tennessee/2008.html
Denarius Moore,22,WR,Tennessee,148,2009*,13,40,540,7,3,23,0,/cfb/schools/tennessee/2009.html
Denarius Moore,22,WR,Tennessee,148,2010*,13,47,981,9,7,82,1,/cfb/schools/tennessee/2010.html
Jeremy Kerley,22,WR,TCU,153,2007*,13,9,97,0,6,16,0,/cfb/schools/texas-christian/2007.html
Jeremy Kerley,22,WR,TCU,153,2008*,11,11,95,0,25,143,3,/cfb/schools/texas-christian/2008.html
Jeremy Kerley,22,WR,TCU,153,2009*,13,44,532,2,14,50,3,/cfb/schools/texas-christian/2009.html
Jeremy Kerley,22,WR,TCU,153,2010*,13,56,575,10,18,97,2,/cfb/schools/texas-christian/2010.html
Niles Paul,22,WR,Nebraska,155,2007,7,1,6,0,0,0,0,/cfb/schools/nebraska/2007.html
Niles Paul,22,WR,Nebraska,155,2008*,13,23,214,0,1,-6,0,/cfb/schools/nebraska/2008.html
Niles Paul,22,WR,Nebraska,155,2009*,14,40,796,4,3,48,1,/cfb/schools/nebraska/2009.html
Niles Paul,22,WR,Nebraska,155,2010*,12,39,516,1,5,14,0,/cfb/schools/nebraska/2010.html
Ryan Whalen,22,WR,Stanford,167,2007,12,1,11,0,0,0,0,/cfb/schools/stanford/2007.html
Ryan Whalen,22,WR,Stanford,167,2008,12,41,508,1,0,0,0,/cfb/schools/stanford/2008.html
Ryan Whalen,22,WR,Stanford,167,2009*,13,57,926,4,0,0,0,/cfb/schools/stanford/2009.html
Ryan Whalen,22,WR,Stanford,167,2010*,11,41,439,2,0,0,0,/cfb/schools/stanford/2010.html
Dwayne Harris,23,WR,East Carolina,176,2007*,13,26,246,2,20,197,1,/cfb/schools/east-carolina/2007.html
Dwayne Harris,23,WR,East Carolina,176,2008*,10,58,654,1,19,76,0,/cfb/schools/east-carolina/2008.html
Dwayne Harris,23,WR,East Carolina,176,2009*,14,83,978,7,31,149,5,/cfb/schools/east-carolina/2009.html
Dwayne Harris,23,WR,East Carolina,176,2010*,13,101,1123,10,16,104,0,/cfb/schools/east-carolina/2010.html
Aldrick Robinson,22,WR,SMU,178,2007,9,10,166,0,0,0,0,/cfb/schools/southern-methodist/2007.html
Aldrick Robinson,22,WR,SMU,178,2008,10,59,1047,11,0,0,0,/cfb/schools/southern-methodist/2008.html
Aldrick Robinson,22,WR,SMU,178,2009*,13,47,800,5,0,0,0,/cfb/schools/southern-methodist/2009.html
Aldrick Robinson,22,WR,SMU,178,2010*,14,65,1301,14,0,0,0,/cfb/schools/southern-methodist/2010.html
Ronald Johnson,23,WR,USC,182,2007*,13,7,110,1,4,27,0,/cfb/schools/southern-california/2007.html
Ronald Johnson,23,WR,USC,182,2008*,13,33,570,8,6,32,0,/cfb/schools/southern-california/2008.html
Ronald Johnson,23,WR,USC,182,2009*,8,34,378,3,1,4,0,/cfb/schools/southern-california/2009.html
Ronald Johnson,23,WR,USC,182,2010,13,64,692,8,5,25,0,/cfb/schools/southern-california/2010.html
Scotty McKnight,23,WR,Colorado,227,2007*,13,47,555,4,0,0,0,/cfb/schools/colorado/2007.html
Scotty McKnight,23,WR,Colorado,227,2008,12,46,519,5,2,2,0,/cfb/schools/colorado/2008.html
Scotty McKnight,23,WR,Colorado,227,2009,12,76,893,6,0,2,1,/cfb/schools/colorado/2009.html
Scotty McKnight,23,WR,Colorado,227,2010,12,50,621,7,0,0,0,/cfb/schools/colorado/2010.html
David Ausberry,23,WR,USC,241,2007*,13,26,240,2,0,0,0,/cfb/schools/southern-california/2007.html
David Ausberry,23,WR,USC,241,2008*,13,6,85,1,0,0,0,/cfb/schools/southern-california/2008.html
David Ausberry,23,WR,USC,241,2009*,7,12,123,0,0,0,0,/cfb/schools/southern-california/2009.html
David Ausberry,23,WR,USC,241,2010,13,20,252,4,2,14,0,/cfb/schools/southern-california/2010.html
DeMarco Sampson,25,WR,San Diego St.,249,2005,12,6,60,1,0,0,0,/cfb/schools/san-diego-state/2005.html
DeMarco Sampson,25,WR,San Diego St.,249,2008,11,11,111,1,0,0,0,/cfb/schools/san-diego-state/2008.html
DeMarco Sampson,25,WR,San Diego St.,249,2009,12,62,851,8,4,-2,0,/cfb/schools/san-diego-state/2009.html
DeMarco Sampson,25,WR,San Diego St.,249,2010*,13,67,1220,8,4,11,0,/cfb/schools/san-diego-state/2010.html
Justin Blackmon,22,WR,Oklahoma St.,5,2009*,13,20,260,2,0,0,0,/cfb/schools/oklahoma-state/2009.html
Justin Blackmon,22,WR,Oklahoma St.,5,2010*,12,111,1782,20,4,77,1,/cfb/schools/oklahoma-state/2010.html
Justin Blackmon,22,WR,Oklahoma St.,5,2011*,13,122,1522,18,4,7,0,/cfb/schools/oklahoma-state/2011.html
Michael Floyd,22,WR,Notre Dame,13,2008*,11,48,719,7,0,0,0,/cfb/schools/notre-dame/2008.html
Michael Floyd,22,WR,Notre Dame,13,2009,7,44,795,9,1,8,0,/cfb/schools/notre-dame/2009.html
Michael Floyd,22,WR,Notre Dame,13,2010*,12,79,1025,12,1,9,0,/cfb/schools/notre-dame/2010.html
Michael Floyd,22,WR,Notre Dame,13,2011*,13,100,1147,9,2,13,1,/cfb/schools/notre-dame/2011.html
Kendall Wright,22,WR,Baylor,20,2008,12,50,649,5,29,168,1,/cfb/schools/baylor/2008.html
Kendall Wright,22,WR,Baylor,20,2009,12,66,740,4,28,132,1,/cfb/schools/baylor/2009.html
Kendall Wright,22,WR,Baylor,20,2010*,13,78,952,7,8,53,0,/cfb/schools/baylor/2010.html
Kendall Wright,22,WR,Baylor,20,2011*,13,108,1663,14,10,72,0,/cfb/schools/baylor/2011.html
A.J. Jenkins,22,WR,Illinois,30,2008,12,11,287,3,0,0,0,/cfb/schools/illinois/2008.html
A.J. Jenkins,22,WR,Illinois,30,2009,8,10,123,1,1,-1,0,/cfb/schools/illinois/2009.html
A.J. Jenkins,22,WR,Illinois,30,2010*,13,56,746,7,0,0,0,/cfb/schools/illinois/2010.html
A.J. Jenkins,22,WR,Illinois,30,2011*,13,90,1276,8,5,26,0,/cfb/schools/illinois/2011.html
Stephen Hill,21,WR,Georgia Tech,43,2009*,13,6,137,1,5,84,1,/cfb/schools/georgia-tech/2009.html
Stephen Hill,21,WR,Georgia Tech,43,2010*,12,15,291,3,3,34,0,/cfb/schools/georgia-tech/2010.html
Stephen Hill,21,WR,Georgia Tech,43,2011*,13,28,820,5,4,29,0,/cfb/schools/georgia-tech/2011.html
Alshon Jeffery,22,WR,South Carolina,45,2009*,13,46,763,6,0,0,0,/cfb/schools/south-carolina/2009.html
Alshon Jeffery,22,WR,South Carolina,45,2010*,14,88,1517,9,0,0,0,/cfb/schools/south-carolina/2010.html
Alshon Jeffery,22,WR,South Carolina,45,2011*,13,49,762,8,0,0,0,/cfb/schools/south-carolina/2011.html
Ryan Broyles,24,WR,Oklahoma,54,2008*,13,46,687,6,3,11,0,/cfb/schools/oklahoma/2008.html
Ryan Broyles,24,WR,Oklahoma,54,2009*,12,89,1120,15,11,83,1,/cfb/schools/oklahoma/2009.html
Ryan Broyles,24,WR,Oklahoma,54,2010*,14,131,1622,14,0,0,0,/cfb/schools/oklahoma/2010.html
Ryan Broyles,24,WR,Oklahoma,54,2011*,9,83,1157,10,1,3,0,/cfb/schools/oklahoma/2011.html
Rueben Randle,21,WR,LSU,63,2009*,13,11,173,2,0,0,0,/cfb/schools/louisiana-state/2009.html
Rueben Randle,21,WR,LSU,63,2010*,13,33,544,3,0,0,0,/cfb/schools/louisiana-state/2010.html
Rueben Randle,21,WR,LSU,63,2011*,14,53,917,8,0,0,0,/cfb/schools/louisiana-state/2011.html
DeVier Posey,22,WR,Ohio St.,68,2008*,12,11,117,1,0,0,0,/cfb/schools/ohio-state/2008.html
DeVier Posey,22,WR,Ohio St.,68,2009*,13,60,828,8,2,19,0,/cfb/schools/ohio-state/2009.html
DeVier Posey,22,WR,Ohio St.,68,2010*,13,53,848,7,0,0,0,/cfb/schools/ohio-state/2010.html
DeVier Posey,22,WR,Ohio St.,68,2011*,4,12,162,2,1,-6,0,/cfb/schools/ohio-state/2011.html
T.J. Graham,23,WR,North Carolina St.,69,2008*,13,16,251,0,2,3,0,/cfb/schools/north-carolina-state/2008.html
T.J. Graham,23,WR,North Carolina St.,69,2009,7,12,129,1,0,0,0,/cfb/schools/north-carolina-state/2009.html
T.J. Graham,23,WR,North Carolina St.,69,2010*,13,25,316,4,1,-7,0,/cfb/schools/north-carolina-state/2010.html
T.J. Graham,23,WR,North Carolina St.,69,2011*,13,46,757,7,2,-5,0,/cfb/schools/north-carolina-state/2011.html
Mohamed Sanu,23,WR,Rutgers,83,2009*,13,51,639,3,62,346,5,/cfb/schools/rutgers/2009.html
Mohamed Sanu,23,WR,Rutgers,83,2010,12,44,418,2,59,309,4,/cfb/schools/rutgers/2010.html
Mohamed Sanu,23,WR,Rutgers,83,2011*,13,115,1206,7,4,-2,0,/cfb/schools/rutgers/2011.html
T.Y. Hilton,22,WR,Florida International,92,2008,12,41,1013,7,14,43,2,/cfb/schools/florida-international/2008.html
T.Y. Hilton,22,WR,Florida International,92,2009,12,57,632,5,6,49,0,/cfb/schools/florida-international/2009.html
T.Y. Hilton,22,WR,Florida International,92,2010*,13,59,848,5,30,282,4,/cfb/schools/florida-international/2010.html
T.Y. Hilton,22,WR,Florida International,92,2011*,13,72,1038,7,19,124,1,/cfb/schools/florida-international/2011.html
Chris Givens,22,WR,Wake Forest,96,2009,12,45,629,8,15,98,0,/cfb/schools/wake-forest/2009.html
Chris Givens,22,WR,Wake Forest,96,2010,11,35,514,4,16,63,2,/cfb/schools/wake-forest/2010.html
Chris Givens,22,WR,Wake Forest,96,2011*,13,83,1330,9,14,77,0,/cfb/schools/wake-forest/2011.html
Travis Benjamin,22,WR,Miami (FL),100,2008*,12,18,293,3,5,42,1,/cfb/schools/miami-fl/2008.html
Travis Benjamin,22,WR,Miami (FL),100,2009*,13,29,501,4,9,21,0,/cfb/schools/miami-fl/2009.html
Travis Benjamin,22,WR,Miami (FL),100,2010*,13,43,743,3,3,44,0,/cfb/schools/miami-fl/2010.html
Travis Benjamin,22,WR,Miami (FL),100,2011,11,41,609,3,8,19,0,/cfb/schools/miami-fl/2011.html
Joe Adams,22,WR,Arkansas,104,2008,12,31,377,1,6,46,0,/cfb/schools/arkansas/2008.html
Joe Adams,22,WR,Arkansas,104,2009*,10,29,568,7,5,31,1,/cfb/schools/arkansas/2009.html
Joe Adams,22,WR,Arkansas,104,2010*,12,50,813,6,6,32,0,/cfb/schools/arkansas/2010.html
Joe Adams,22,WR,Arkansas,104,2011*,13,54,652,3,10,139,1,/cfb/schools/arkansas/2011.html
Devon Wylie,24,WR,Fresno St.,107,2007*,10,1,44,0,2,-1,0,/cfb/schools/fresno-state/2007.html
Devon Wylie,24,WR,Fresno St.,107,2008*,9,22,269,2,4,51,0,/cfb/schools/fresno-state/2008.html
Devon Wylie,24,WR,Fresno St.,107,2009*,10,17,259,4,3,16,0,/cfb/schools/fresno-state/2009.html
Devon Wylie,24,WR,Fresno St.,107,2010*,1,2,39,1,1,4,0,/cfb/schools/fresno-state/2010.html
Devon Wylie,24,WR,Fresno St.,107,2011,13,56,716,1,8,48,0,/cfb/schools/fresno-state/2011.html
Jarius Wright,22,WR,Arkansas,118,2008,12,19,348,2,1,1,0,/cfb/schools/arkansas/2008.html
Jarius Wright,22,WR,Arkansas,118,2009*,13,41,681,5,0,0,0,/cfb/schools/arkansas/2009.html
Jarius Wright,22,WR,Arkansas,118,2010*,13,42,788,5,1,9,0,/cfb/schools/arkansas/2010.html
Jarius Wright,22,WR,Arkansas,118,2011*,12,66,1117,12,0,0,0,/cfb/schools/arkansas/2011.html
Keshawn Martin,22,WR,Michigan St.,121,2008*,10,11,132,0,9,51,0,/cfb/schools/michigan-state/2008.html
Keshawn Martin,22,WR,Michigan St.,121,2009*,13,18,411,5,18,219,1,/cfb/schools/michigan-state/2009.html
Keshawn Martin,22,WR,Michigan St.,121,2010*,11,32,394,1,18,157,0,/cfb/schools/michigan-state/2010.html
Keshawn Martin,22,WR,Michigan St.,121,2011*,14,66,777,4,19,113,2,/cfb/schools/michigan-state/2011.html
Nick Toon,23,WR,Wisconsin,122,2008*,12,17,257,1,0,0,0,/cfb/schools/wisconsin/2008.html
Nick Toon,23,WR,Wisconsin,122,2009*,13,54,805,4,4,24,0,/cfb/schools/wisconsin/2009.html
Nick Toon,23,WR,Wisconsin,122,2010*,9,36,459,3,2,10,0,/cfb/schools/wisconsin/2010.html
Nick Toon,23,WR,Wisconsin,122,2011*,13,64,926,10,0,0,0,/cfb/schools/wisconsin/2011.html
Greg Childs,22,WR,Arkansas,134,2008,12,18,273,2,0,0,0,/cfb/schools/arkansas/2008.html
Greg Childs,22,WR,Arkansas,134,2009*,13,48,894,7,0,0,0,/cfb/schools/arkansas/2009.html
Greg Childs,22,WR,Arkansas,134,2010*,8,46,659,6,0,0,0,/cfb/schools/arkansas/2010.html
Greg Childs,22,WR,Arkansas,134,2011*,11,21,240,0,0,0,0,/cfb/schools/arkansas/2011.html
Danny Coale,24,WR,Virginia Tech,152,2008*,14,36,408,0,6,14,0,/cfb/schools/virginia-tech/2008.html
Danny Coale,24,WR,Virginia Tech,152,2009*,13,30,614,2,2,8,0,/cfb/schools/virginia-tech/2009.html
Danny Coale,24,WR,Virginia Tech,152,2010*,14,39,732,3,1,-3,0,/cfb/schools/virginia-tech/2010.html
Danny Coale,24,WR,Virginia Tech,152,2011*,14,60,904,3,4,26,0,/cfb/schools/virginia-tech/2011.html
Marvin Jones,22,WR,California,166,2008*,5,1,8,0,0,0,0,/cfb/schools/california/2008.html
Marvin Jones,22,WR,California,166,2009*,13,43,651,6,0,0,0,/cfb/schools/california/2009.html
Marvin Jones,22,WR,California,166,2010,12,50,765,4,6,94,1,/cfb/schools/california/2010.html
Marvin Jones,22,WR,California,166,2011*,13,62,846,3,5,22,0,/cfb/schools/california/2011.html
Juron Criner,22,WR,Arizona,168,2008*,13,7,88,1,0,0,0,/cfb/schools/arizona/2008.html
Juron Criner,22,WR,Arizona,168,2009*,13,45,582,9,8,63,0,/cfb/schools/arizona/2009.html
Juron Criner,22,WR,Arizona,168,2010*,13,82,1233,11,8,66,0,/cfb/schools/arizona/2010.html
Juron Criner,22,WR,Arizona,168,2011,11,75,956,11,1,0,0,/cfb/schools/arizona/2011.html
B.J. Cunningham,23,WR,Michigan St.,183,2008*,13,41,528,0,4,56,0,/cfb/schools/michigan-state/2008.html
B.J. Cunningham,23,WR,Michigan St.,183,2009*,12,48,641,4,0,0,0,/cfb/schools/michigan-state/2009.html
B.J. Cunningham,23,WR,Michigan St.,183,2010*,12,50,611,9,1,0,0,/cfb/schools/michigan-state/2010.html
B.J. Cunningham,23,WR,Michigan St.,183,2011*,14,79,1306,12,3,26,0,/cfb/schools/michigan-state/2011.html
Marvin McNutt,23,WR,Iowa,194,2008*,3,1,11,0,1,0,0,/cfb/schools/iowa/2008.html
Marvin McNutt,23,WR,Iowa,194,2009*,13,34,674,8,0,0,0,/cfb/schools/iowa/2009.html
Marvin McNutt,23,WR,Iowa,194,2010*,13,53,861,8,1,5,0,/cfb/schools/iowa/2010.html
Marvin McNutt,23,WR,Iowa,194,2011*,13,82,1315,12,6,58,0,/cfb/schools/iowa/2011.html
Tommy Streeter,22,WR,Miami (FL),198,2009*,10,5,114,0,0,0,0,/cfb/schools/miami-fl/2009.html
Tommy Streeter,22,WR,Miami (FL),198,2010*,8,1,42,1,0,0,0,/cfb/schools/miami-fl/2010.html
Tommy Streeter,22,WR,Miami (FL),198,2011,12,46,811,8,0,0,0,/cfb/schools/miami-fl/2011.html
LaVon Brazill,23,WR,Ohio,206,2007,7,16,201,0,0,0,0,/cfb/schools/ohio/2007.html
LaVon Brazill,23,WR,Ohio,206,2008,12,34,384,1,9,75,0,/cfb/schools/ohio/2008.html
LaVon Brazill,23,WR,Ohio,206,2009*,13,53,702,6,14,86,0,/cfb/schools/ohio/2009.html
LaVon Brazill,23,WR,Ohio,206,2010*,3,12,78,0,3,5,0,/cfb/schools/ohio/2010.html
LaVon Brazill,23,WR,Ohio,206,2011*,14,72,1150,11,5,73,1,/cfb/schools/ohio/2011.html
Rishard Matthews,22,WR,Nevada,227,2010*,14,56,879,5,5,76,2,/cfb/schools/nevada/2010.html
Rishard Matthews,22,WR,Nevada,227,2011*,12,91,1364,8,5,-1,0,/cfb/schools/nevada/2011.html
Toney Clemons,23,WR,Colorado,231,2007*,9,1,5,0,0,0,0,/cfb/schools/michigan/2007.html
Toney Clemons,23,WR,Colorado,231,2008,9,11,101,0,2,6,0,/cfb/schools/michigan/2008.html
Toney Clemons,23,WR,Colorado,231,2010,12,43,482,3,3,17,0,/cfb/schools/colorado/2010.html
Toney Clemons,23,WR,Colorado,231,2011,13,43,680,8,0,0,0,/cfb/schools/colorado/2011.html
Jeremy Ebert,23,WR,Northwestern,235,2008*,13,15,161,2,0,0,0,/cfb/schools/northwestern/2008.html
Jeremy Ebert,23,WR,Northwestern,235,2009*,13,21,226,0,0,0,0,/cfb/schools/northwestern/2009.html
Jeremy Ebert,23,WR,Northwestern,235,2010*,13,62,953,8,5,21,0,/cfb/schools/northwestern/2010.html
Jeremy Ebert,23,WR,Northwestern,235,2011*,13,75,1060,11,4,26,0,/cfb/schools/northwestern/2011.html
Junior Hemingway,23,WR,Michigan,238,2007*,10,4,37,0,5,9,0,/cfb/schools/michigan/2007.html
Junior Hemingway,23,WR,Michigan,238,2008,4,2,41,1,0,0,0,/cfb/schools/michigan/2008.html
Junior Hemingway,23,WR,Michigan,238,2009,10,16,268,2,0,0,0,/cfb/schools/michigan/2009.html
Junior Hemingway,23,WR,Michigan,238,2010*,10,32,593,4,0,0,0,/cfb/schools/michigan/2010.html
Junior Hemingway,23,WR,Michigan,238,2011*,13,34,699,4,0,0,0,/cfb/schools/michigan/2011.html
Jordan White,24,WR,Western Michigan,244,2007,9,19,217,1,0,0,0,/cfb/schools/western-michigan/2007.html
Jordan White,24,WR,Western Michigan,244,2009,9,53,681,4,0,0,0,/cfb/schools/western-michigan/2009.html
Jordan White,24,WR,Western Michigan,244,2010,12,94,1378,10,3,29,0,/cfb/schools/western-michigan/2010.html
Jordan White,24,WR,Western Michigan,244,2011*,13,140,1911,17,1,27,0,/cfb/schools/western-michigan/2011.html
Tavon Austin,23,WR,West Virginia,8,2009*,13,15,151,1,6,47,1,/cfb/schools/west-virginia/2009.html
Tavon Austin,23,WR,West Virginia,8,2010*,13,58,787,8,16,161,1,/cfb/schools/west-virginia/2010.html
Tavon Austin,23,WR,West Virginia,8,2011*,13,101,1186,8,16,182,1,/cfb/schools/west-virginia/2011.html
Tavon Austin,23,WR,West Virginia,8,2012*,13,114,1289,12,72,643,3,/cfb/schools/west-virginia/2012.html
DeAndre Hopkins,21,WR,Clemson,27,2010*,12,52,637,4,0,0,0,/cfb/schools/clemson/2010.html
DeAndre Hopkins,21,WR,Clemson,27,2011*,14,72,978,5,0,0,0,/cfb/schools/clemson/2011.html
DeAndre Hopkins,21,WR,Clemson,27,2012*,13,82,1405,18,0,0,0,/cfb/schools/clemson/2012.html
Cordarrelle Patterson,22,WR,Tennessee,29,2012,12,46,778,5,25,308,3,/cfb/schools/tennessee/2012.html
Justin Hunter,22,WR,Tennessee,34,2010*,13,16,415,7,0,0,0,/cfb/schools/tennessee/2010.html
Justin Hunter,22,WR,Tennessee,34,2011,3,17,314,2,0,0,0,/cfb/schools/tennessee/2011.html
Justin Hunter,22,WR,Tennessee,34,2012,12,73,1083,9,0,0,0,/cfb/schools/tennessee/2012.html
Robert Woods,21,WR,USC,41,2010,13,65,792,6,6,50,0,/cfb/schools/southern-california/2010.html
Robert Woods,21,WR,USC,41,2011,12,111,1292,15,7,16,0,/cfb/schools/southern-california/2011.html
Robert Woods,21,WR,USC,41,2012*,13,76,846,11,1,76,0,/cfb/schools/southern-california/2012.html
Aaron Dobson,22,WR,Marshall,59,2009*,12,15,362,4,0,0,0,/cfb/schools/marshall/2009.html
Aaron Dobson,22,WR,Marshall,59,2010,12,44,689,5,2,18,0,/cfb/schools/marshall/2010.html
Aaron Dobson,22,WR,Marshall,59,2011*,13,49,668,12,1,1,0,/cfb/schools/marshall/2011.html
Aaron Dobson,22,WR,Marshall,59,2012,10,57,679,3,0,0,0,/cfb/schools/marshall/2012.html
Terrance Williams,23,WR,Baylor,74,2009,12,3,61,0,0,0,0,/cfb/schools/baylor/2009.html
Terrance Williams,23,WR,Baylor,74,2010*,13,43,484,4,1,3,0,/cfb/schools/baylor/2010.html
Terrance Williams,23,WR,Baylor,74,2011*,13,59,957,11,0,0,0,/cfb/schools/baylor/2011.html
Terrance Williams,23,WR,Baylor,74,2012*,13,97,1832,12,2,14,0,/cfb/schools/baylor/2012.html
Keenan Allen,21,WR,California,76,2010,11,46,490,5,18,136,1,/cfb/schools/california/2010.html
Keenan Allen,21,WR,California,76,2011*,13,98,1343,6,9,55,0,/cfb/schools/california/2011.html
Keenan Allen,21,WR,California,76,2012,9,61,737,6,3,39,1,/cfb/schools/california/2012.html
Marquise Goodwin,22,WR,Texas,78,2009*,14,30,279,1,2,8,0,/cfb/schools/texas/2009.html
Marquise Goodwin,22,WR,Texas,78,2010,11,31,324,1,9,37,0,/cfb/schools/texas/2010.html
Marquise Goodwin,22,WR,Texas,78,2011*,12,33,421,2,22,220,0,/cfb/schools/texas/2011.html
Marquise Goodwin,22,WR,Texas,78,2012*,13,26,340,3,13,140,3,/cfb/schools/texas/2012.html
Markus Wheaton,22,WR,Oregon St.,79,2009*,12,8,89,0,11,79,1,/cfb/schools/oregon-state/2009.html
Markus Wheaton,22,WR,Oregon St.,79,2010,12,55,675,4,27,220,2,/cfb/schools/oregon-state/2010.html
Markus Wheaton,22,WR,Oregon St.,79,2011,12,73,986,1,25,190,0,/cfb/schools/oregon-state/2011.html
Markus Wheaton,22,WR,Oregon St.,79,2012*,13,91,1244,11,20,142,2,/cfb/schools/oregon-state/2012.html
Stedman Bailey,22,WR,West Virginia,92,2010*,13,24,317,4,0,0,0,/cfb/schools/west-virginia/2010.html
Stedman Bailey,22,WR,West Virginia,92,2011*,13,72,1279,12,0,0,0,/cfb/schools/west-virginia/2011.html
Stedman Bailey,22,WR,West Virginia,92,2012*,13,114,1622,25,2,13,0,/cfb/schools/west-virginia/2012.html
Ace Sanders,21,WR,South Carolina,101,2010*,14,25,316,2,5,56,0,/cfb/schools/south-carolina/2010.html
Ace Sanders,21,WR,South Carolina,101,2011*,13,29,383,2,4,15,0,/cfb/schools/south-carolina/2011.html
Ace Sanders,21,WR,South Carolina,101,2012*,13,45,531,9,3,1,0,/cfb/schools/south-carolina/2012.html
Josh Boyce,22,WR,TCU,102,2010*,13,34,646,6,0,0,0,/cfb/schools/texas-christian/2010.html
Josh Boyce,22,WR,TCU,102,2011*,13,61,998,9,1,1,0,/cfb/schools/texas-christian/2011.html
Josh Boyce,22,WR,TCU,102,2012*,13,66,891,7,3,6,1,/cfb/schools/texas-christian/2012.html
Chris Harper,23,WR,Kansas St.,123,2010*,13,25,330,4,5,47,0,/cfb/schools/kansas-state/2010.html
Chris Harper,23,WR,Kansas St.,123,2011*,13,40,547,5,3,5,0,/cfb/schools/kansas-state/2011.html
Chris Harper,23,WR,Kansas St.,123,2012*,13,58,857,3,0,-7,0,/cfb/schools/kansas-state/2012.html
Quinton Patton,23,WR,Louisiana Tech,128,2011*,13,79,1202,11,10,42,0,/cfb/schools/louisiana-tech/2011.html
Quinton Patton,23,WR,Louisiana Tech,128,2012,12,104,1392,13,1,-5,0,/cfb/schools/louisiana-tech/2012.html
Kenny Stills,21,WR,Oklahoma,144,2010*,14,61,786,5,0,0,0,/cfb/schools/oklahoma/2010.html
Kenny Stills,21,WR,Oklahoma,144,2011*,11,61,849,8,1,1,0,/cfb/schools/oklahoma/2011.html
Kenny Stills,21,WR,Oklahoma,144,2012*,13,82,959,11,2,22,0,/cfb/schools/oklahoma/2012.html
Tavarres King,23,WR,Georgia,161,2008*,4,2,66,0,0,0,0,/cfb/schools/georgia/2008.html
Tavarres King,23,WR,Georgia,161,2009*,12,18,377,1,0,0,0,/cfb/schools/georgia/2009.html
Tavarres King,23,WR,Georgia,161,2010*,12,27,504,3,0,0,0,/cfb/schools/georgia/2010.html
Tavarres King,23,WR,Georgia,161,2011*,14,47,705,8,2,5,0,/cfb/schools/georgia/2011.html
Tavarres King,23,WR,Georgia,161,2012*,14,42,950,9,1,0,0,/cfb/schools/georgia/2012.html
Corey Fuller,23,WR,Virginia Tech,171,2011*,7,2,19,0,0,0,0,/cfb/schools/virginia-tech/2011.html
Corey Fuller,23,WR,Virginia Tech,171,2012*,13,43,815,6,1,10,0,/cfb/schools/virginia-tech/2012.html
Ryan Swope,22,WR,Texas A&M,174,2009*,12,19,172,1,0,0,0,/cfb/schools/texas-am/2009.html
Ryan Swope,22,WR,Texas A&M,174,2010*,13,72,825,4,11,58,0,/cfb/schools/texas-am/2010.html
Ryan Swope,22,WR,Texas A&M,174,2011*,13,89,1207,11,7,3,0,/cfb/schools/texas-am/2011.html
Ryan Swope,22,WR,Texas A&M,174,2012*,13,72,913,8,1,-2,0,/cfb/schools/texas-am/2012.html
Justin Brown,22,WR,Oklahoma,186,2009*,10,5,78,0,0,0,0,/cfb/schools/penn-state/2009.html
Justin Brown,22,WR,Oklahoma,186,2010*,13,33,452,1,2,-12,0,/cfb/schools/penn-state/2010.html
Justin Brown,22,WR,Oklahoma,186,2011*,13,35,517,2,1,0,0,/cfb/schools/penn-state/2011.html
Justin Brown,22,WR,Oklahoma,186,2012*,13,73,879,5,0,0,0,/cfb/schools/oklahoma/2012.html
Cobi Hamilton,22,WR,Arkansas,197,2009*,13,19,347,3,1,-8,0,/cfb/schools/arkansas/2009.html
Cobi Hamilton,22,WR,Arkansas,197,2010*,13,32,630,6,0,0,0,/cfb/schools/arkansas/2010.html
Cobi Hamilton,22,WR,Arkansas,197,2011*,13,34,542,4,0,0,0,/cfb/schools/arkansas/2011.html
Cobi Hamilton,22,WR,Arkansas,197,2012,12,90,1335,5,0,0,0,/cfb/schools/arkansas/2012.html
Brice Butler,23,WR,San Diego St.,209,2009*,13,20,292,2,0,0,0,/cfb/schools/southern-california/2009.html
Brice Butler,23,WR,San Diego St.,209,2010,12,9,112,1,0,0,0,/cfb/schools/southern-california/2010.html
Brice Butler,23,WR,San Diego St.,209,2011,11,12,150,0,0,0,0,/cfb/schools/southern-california/2011.html
Brice Butler,23,WR,San Diego St.,209,2012*,13,24,347,4,0,0,0,/cfb/schools/san-diego-state/2012.html
Charles Johnson,24,WR,Grand Valley St.,216,2009,12,8,66,1,16,51,0,/cfb/schools/wake-forest/2009.html
Charles Johnson,24,WR,Grand Valley St.,216,2010,12,11,75,0,17,77,0,/cfb/schools/wake-forest/2010.html
Charles Johnson,24,WR,Grand Valley St.,216,2011*,13,9,56,1,15,31,2,/cfb/schools/wake-forest/2011.html
Charles Johnson,24,WR,Grand Valley St.,216,2012,12,23,208,5,2,1,1,/cfb/schools/wake-forest/2012.html
Kevin Dorsey,23,WR,Maryland,224,2009,12,3,17,0,0,0,0,/cfb/schools/maryland/2009.html
Kevin Dorsey,23,WR,Maryland,224,2010*,13,15,187,2,1,4,0,/cfb/schools/maryland/2010.html
Kevin Dorsey,23,WR,Maryland,224,2011,10,45,573,3,0,0,0,/cfb/schools/maryland/2011.html
Kevin Dorsey,23,WR,Maryland,224,2012,12,18,311,4,0,0,0,/cfb/schools/maryland/2012.html
Marquess Wilson,20,WR,Washington St.,236,2010,12,55,1006,6,0,0,0,/cfb/schools/washington-state/2010.html
Marquess Wilson,20,WR,Washington St.,236,2011,12,82,1388,12,3,10,0,/cfb/schools/washington-state/2011.html
Marquess Wilson,20,WR,Washington St.,236,2012,9,52,813,5,0,0,0,/cfb/schools/washington-state/2012.html
Sammy Watkins,21,WR,Clemson,4,2011*,13,82,1219,12,32,231,0,/cfb/schools/clemson/2011.html
Sammy Watkins,21,WR,Clemson,4,2012*,10,57,708,3,14,97,1,/cfb/schools/clemson/2012.html
Sammy Watkins,21,WR,Clemson,4,2013*,13,101,1464,12,6,11,0,/cfb/schools/clemson/2013.html
Mike Evans,21,WR,Texas A&M,7,2012*,13,82,1105,5,0,0,0,/cfb/schools/texas-am/2012.html
Mike Evans,21,WR,Texas A&M,7,2013*,13,69,1394,12,0,0,0,/cfb/schools/texas-am/2013.html
Odell Beckham Jr.,21,WR,LSU,12,2011*,14,41,475,2,2,19,0,/cfb/schools/louisiana-state/2011.html
Odell Beckham Jr.,21,WR,LSU,12,2012*,13,43,713,2,0,0,0,/cfb/schools/louisiana-state/2012.html
Odell Beckham Jr.,21,WR,LSU,12,2013*,13,59,1152,8,5,58,0,/cfb/schools/louisiana-state/2013.html
Brandin Cooks,20,WR,Oregon St.,20,2011,12,31,391,3,10,41,0,/cfb/schools/oregon-state/2011.html
Brandin Cooks,20,WR,Oregon St.,20,2012*,13,67,1151,5,19,82,0,/cfb/schools/oregon-state/2012.html
Brandin Cooks,20,WR,Oregon St.,20,2013*,13,128,1730,16,32,217,2,/cfb/schools/oregon-state/2013.html
Kelvin Benjamin,23,WR,Florida St.,28,2012*,14,30,495,4,2,33,0,/cfb/schools/florida-state/2012.html
Kelvin Benjamin,23,WR,Florida St.,28,2013*,14,54,1011,15,0,0,0,/cfb/schools/florida-state/2013.html
Marqise Lee,22,WR,USC,39,2011,12,73,1143,11,5,33,0,/cfb/schools/southern-california/2011.html
Marqise Lee,22,WR,USC,39,2012*,13,118,1721,14,13,106,0,/cfb/schools/southern-california/2012.html
Marqise Lee,22,WR,USC,39,2013*,11,57,791,4,6,7,0,/cfb/schools/southern-california/2013.html
Jordan Matthews,22,WR,Vanderbilt,42,2010,12,15,181,4,0,0,0,/cfb/schools/vanderbilt/2010.html
Jordan Matthews,22,WR,Vanderbilt,42,2011*,13,41,778,5,0,0,0,/cfb/schools/vanderbilt/2011.html
Jordan Matthews,22,WR,Vanderbilt,42,2012*,13,94,1323,8,3,61,1,/cfb/schools/vanderbilt/2012.html
Jordan Matthews,22,WR,Vanderbilt,42,2013*,13,112,1477,7,6,54,0,/cfb/schools/vanderbilt/2013.html
Paul Richardson,22,WR,Colorado,45,2010,12,34,514,6,6,7,0,/cfb/schools/colorado/2010.html
Paul Richardson,22,WR,Colorado,45,2011,9,39,555,5,2,24,0,/cfb/schools/colorado/2011.html
Paul Richardson,22,WR,Colorado,45,2013,12,83,1343,10,1,7,0,/cfb/schools/colorado/2013.html
Davante Adams,21,WR,Fresno St.,53,2012*,13,102,1312,14,0,0,0,/cfb/schools/fresno-state/2012.html
Davante Adams,21,WR,Fresno St.,53,2013*,13,131,1719,24,0,0,0,/cfb/schools/fresno-state/2013.html
Cody Latimer,21,WR,Indiana,56,2011,8,12,141,2,2,3,0,/cfb/schools/indiana/2011.html
Cody Latimer,21,WR,Indiana,56,2012,12,51,805,6,0,0,0,/cfb/schools/indiana/2012.html
Cody Latimer,21,WR,Indiana,56,2013,12,72,1096,9,0,0,0,/cfb/schools/indiana/2013.html
Allen Robinson,21,WR,Penn St.,61,2011*,11,3,29,0,0,0,0,/cfb/schools/penn-state/2011.html
Allen Robinson,21,WR,Penn St.,61,2012,12,77,1018,11,0,0,0,/cfb/schools/penn-state/2012.html
Allen Robinson,21,WR,Penn St.,61,2013,12,97,1432,6,6,36,0,/cfb/schools/penn-state/2013.html
Jarvis Landry,21,WR,LSU,63,2011*,14,4,43,0,0,0,0,/cfb/schools/louisiana-state/2011.html
Jarvis Landry,21,WR,LSU,63,2012*,13,56,573,5,0,0,0,/cfb/schools/louisiana-state/2012.html
Jarvis Landry,21,WR,LSU,63,2013*,13,77,1193,10,0,0,0,/cfb/schools/louisiana-state/2013.html
Josh Huff,22,WR,Oregon,86,2010*,13,19,303,3,12,214,2,/cfb/schools/oregon/2010.html
Josh Huff,22,WR,Oregon,86,2011*,12,31,430,2,0,0,0,/cfb/schools/oregon/2011.html
Josh Huff,22,WR,Oregon,86,2012*,11,32,493,7,0,0,0,/cfb/schools/oregon/2012.html
Josh Huff,22,WR,Oregon,86,2013*,13,62,1140,12,6,28,0,/cfb/schools/oregon/2013.html
Donte Moncrief,21,WR,Mississippi,90,2011,12,31,454,4,0,0,0,/cfb/schools/mississippi/2011.html
Donte Moncrief,21,WR,Mississippi,90,2012*,13,66,979,10,0,0,0,/cfb/schools/mississippi/2012.html
Donte Moncrief,21,WR,Mississippi,90,2013*,13,59,938,6,0,0,0,/cfb/schools/mississippi/2013.html
John Brown,24,WR,Pittsburg St.,91,2011,12,31,454,4,0,0,0,/cfb/schools/mississippi/2011.html
John Brown,24,WR,Pittsburg St.,91,2012*,13,66,979,10,0,0,0,/cfb/schools/mississippi/2012.html
John Brown,24,WR,Pittsburg St.,91,2013*,13,59,938,6,0,0,0,/cfb/schools/mississippi/2013.html
Jalen Saunders,21,WR,Oklahoma,104,2010*,13,30,462,3,19,166,0,/cfb/schools/fresno-state/2010.html
Jalen Saunders,21,WR,Oklahoma,104,2011,13,50,1065,12,8,91,2,/cfb/schools/fresno-state/2011.html
Jalen Saunders,21,WR,Oklahoma,104,2012*,9,62,829,3,0,0,0,/cfb/schools/oklahoma/2012.html
Jalen Saunders,21,WR,Oklahoma,104,2013*,13,61,729,8,5,44,0,/cfb/schools/oklahoma/2013.html
Bruce Ellington,23,WR,South Carolina,106,2011*,13,17,211,1,17,106,1,/cfb/schools/south-carolina/2011.html
Bruce Ellington,23,WR,South Carolina,106,2012*,13,40,600,7,5,28,0,/cfb/schools/south-carolina/2012.html
Bruce Ellington,23,WR,South Carolina,106,2013*,12,49,775,8,3,14,0,/cfb/schools/south-carolina/2013.html
Shaquelle Evans,23,WR,UCLA,115,2009,6,7,61,0,0,0,0,/cfb/schools/notre-dame/2009.html
Shaquelle Evans,23,WR,UCLA,115,2011*,13,19,309,2,0,0,0,/cfb/schools/ucla/2011.html
Shaquelle Evans,23,WR,UCLA,115,2012*,14,60,877,3,2,6,0,/cfb/schools/ucla/2012.html
Shaquelle Evans,23,WR,UCLA,115,2013*,13,47,709,9,0,0,0,/cfb/schools/ucla/2013.html
Martavis Bryant,22,WR,Clemson,118,2011*,14,9,221,2,0,0,0,/cfb/schools/clemson/2011.html
Martavis Bryant,22,WR,Clemson,118,2012*,10,10,305,4,1,17,0,/cfb/schools/clemson/2012.html
Martavis Bryant,22,WR,Clemson,118,2013*,13,42,828,7,0,0,0,/cfb/schools/clemson/2013.html
Kevin Norwood,24,WR,Alabama,123,2010*,13,3,56,1,0,0,0,/cfb/schools/alabama/2010.html
Kevin Norwood,24,WR,Alabama,123,2011*,11,11,190,0,0,0,0,/cfb/schools/alabama/2011.html
Kevin Norwood,24,WR,Alabama,123,2012*,13,29,461,4,0,0,0,/cfb/schools/alabama/2012.html
Kevin Norwood,24,WR,Alabama,123,2013*,12,38,568,7,0,0,0,/cfb/schools/alabama/2013.html
Ryan Grant,23,WR,Tulane,142,2009,9,9,39,1,0,0,0,/cfb/schools/tulane/2009.html
Ryan Grant,23,WR,Tulane,142,2010,12,33,515,4,5,3,0,/cfb/schools/tulane/2010.html
Ryan Grant,23,WR,Tulane,142,2011,1,1,27,1,0,0,0,/cfb/schools/tulane/2011.html
Ryan Grant,23,WR,Tulane,142,2012,12,76,1149,6,0,0,0,/cfb/schools/tulane/2012.html
Ryan Grant,23,WR,Tulane,142,2013*,13,77,1039,9,0,0,0,/cfb/schools/tulane/2013.html
Devin Street,23,WR,Pittsburgh,146,2010*,13,25,318,2,3,16,0,/cfb/schools/pittsburgh/2010.html
Devin Street,23,WR,Pittsburgh,146,2011*,13,53,754,2,2,25,0,/cfb/schools/pittsburgh/2011.html
Devin Street,23,WR,Pittsburgh,146,2012*,13,73,975,5,3,30,0,/cfb/schools/pittsburgh/2012.html
Devin Street,23,WR,Pittsburgh,146,2013*,10,51,854,7,3,6,0,/cfb/schools/pittsburgh/2013.html
Jared Abbrederis,23,WR,Wisconsin,176,2010*,13,20,289,3,3,27,0,/cfb/schools/wisconsin/2010.html
Jared Abbrederis,23,WR,Wisconsin,176,2011*,14,55,933,8,11,62,0,/cfb/schools/wisconsin/2011.html
Jared Abbrederis,23,WR,Wisconsin,176,2012*,13,49,837,5,8,83,0,/cfb/schools/wisconsin/2012.html
Jared Abbrederis,23,WR,Wisconsin,176,2013*,13,78,1081,7,6,119,2,/cfb/schools/wisconsin/2013.html
Robert Herron,22,WR,Wyoming,185,2010,10,6,57,0,40,235,0,/cfb/schools/wyoming/2010.html
Robert Herron,22,WR,Wyoming,185,2011*,12,43,379,3,8,53,0,/cfb/schools/wyoming/2011.html
Robert Herron,22,WR,Wyoming,185,2012,8,31,657,8,4,10,0,/cfb/schools/wyoming/2012.html
Robert Herron,22,WR,Wyoming,185,2013,12,72,932,9,2,12,0,/cfb/schools/wyoming/2013.html
T.J. Jones,22,WR,Notre Dame,189,2010*,12,23,306,3,0,0,0,/cfb/schools/notre-dame/2010.html
T.J. Jones,22,WR,Notre Dame,189,2011*,13,38,366,3,0,0,0,/cfb/schools/notre-dame/2011.html
T.J. Jones,22,WR,Notre Dame,189,2012*,13,50,649,4,1,8,0,/cfb/schools/notre-dame/2012.html
T.J. Jones,22,WR,Notre Dame,189,2013*,13,70,1108,9,9,67,2,/cfb/schools/notre-dame/2013.html
Matt Hazel,22,WR,Coastal Carolina,190,2010*,12,23,306,3,0,0,0,/cfb/schools/notre-dame/2010.html
Matt Hazel,22,WR,Coastal Carolina,190,2011*,13,38,366,3,0,0,0,/cfb/schools/notre-dame/2011.html
Matt Hazel,22,WR,Coastal Carolina,190,2012*,13,50,649,4,1,8,0,/cfb/schools/notre-dame/2012.html
Matt Hazel,22,WR,Coastal Carolina,190,2013*,13,70,1108,9,9,67,2,/cfb/schools/notre-dame/2013.html
Quincy Enunwa,22,WR,Nebraska,209,2010*,10,1,10,0,0,0,0,/cfb/schools/nebraska/2010.html
Quincy Enunwa,22,WR,Nebraska,209,2011*,13,21,293,2,0,0,0,/cfb/schools/nebraska/2011.html
Quincy Enunwa,22,WR,Nebraska,209,2012*,14,42,470,1,0,0,0,/cfb/schools/nebraska/2012.html
Quincy Enunwa,22,WR,Nebraska,209,2013*,12,51,753,12,3,-1,0,/cfb/schools/nebraska/2013.html
Michael Campanaro,23,WR,Wake Forest,218,2010,12,10,107,0,29,123,1,/cfb/schools/wake-forest/2010.html
Michael Campanaro,23,WR,Wake Forest,218,2011*,12,73,833,2,2,23,0,/cfb/schools/wake-forest/2011.html
Michael Campanaro,23,WR,Wake Forest,218,2012,10,79,763,6,16,82,1,/cfb/schools/wake-forest/2012.html
Michael Campanaro,23,WR,Wake Forest,218,2013,8,67,803,6,4,10,0,/cfb/schools/wake-forest/2013.html
Jeff Janis,23,WR,Saginaw Valley St.,236,2012,10,43,464,2,0,0,0,/cfb/schools/massachusetts/2012.html
Jeff Janis,23,WR,Saginaw Valley St.,236,2013,5,27,313,3,1,3,0,/cfb/schools/massachusetts/2013.html
James Wright,22,WR,LSU,239,2010*,12,2,21,0,0,0,0,/cfb/schools/louisiana-state/2010.html
James Wright,22,WR,LSU,239,2011*,14,5,41,0,0,0,0,/cfb/schools/louisiana-state/2011.html
James Wright,22,WR,LSU,239,2012*,12,18,242,0,0,0,0,/cfb/schools/louisiana-state/2012.html
James Wright,22,WR,LSU,239,2013*,9,0,0,0,0,0,0,/cfb/schools/louisiana-state/2013.html
Tevin Reese,23,WR,Baylor,240,2010*,13,45,401,0,2,13,0,/cfb/schools/baylor/2010.html
Tevin Reese,23,WR,Baylor,240,2011*,13,51,877,7,5,102,0,/cfb/schools/baylor/2011.html
Tevin Reese,23,WR,Baylor,240,2012*,13,53,957,9,4,21,0,/cfb/schools/baylor/2012.html
Tevin Reese,23,WR,Baylor,240,2013*,8,38,867,8,0,0,0,/cfb/schools/baylor/2013.html
Jeremy Gallon,24,WR,Michigan,244,2010*,12,4,49,1,0,0,0,/cfb/schools/michigan/2010.html
Jeremy Gallon,24,WR,Michigan,244,2011*,13,31,453,3,3,26,0,/cfb/schools/michigan/2011.html
Jeremy Gallon,24,WR,Michigan,244,2012*,13,49,829,4,11,67,0,/cfb/schools/michigan/2012.html
Jeremy Gallon,24,WR,Michigan,244,2013*,13,89,1373,9,3,4,0,/cfb/schools/michigan/2013.html
